"","Age","Year","Population","CoB","Age group","Age group (condensed)"
"1","0",2015,592004,"Total (LFS)","0-4","0-14"
"2","0",2016,605128,"Total (LFS)","0-4","0-14"
"3","1",2015,680468,"Total (LFS)","0-4","0-14"
"4","1",2016,652157,"Total (LFS)","0-4","0-14"
"5","2",2015,695630,"Total (LFS)","0-4","0-14"
"6","2",2016,677548,"Total (LFS)","0-4","0-14"
"7","3",2015,759774,"Total (LFS)","0-4","0-14"
"8","3",2016,741024,"Total (LFS)","0-4","0-14"
"9","4",2015,704083,"Total (LFS)","0-4","0-14"
"10","4",2016,751251,"Total (LFS)","0-4","0-14"
"11","5",2015,715726,"Total (LFS)","5-9","0-14"
"12","5",2016,693568,"Total (LFS)","5-9","0-14"
"13","6",2015,681569,"Total (LFS)","5-9","0-14"
"14","6",2016,689910,"Total (LFS)","5-9","0-14"
"15","7",2015,677863,"Total (LFS)","5-9","0-14"
"16","7",2016,700419,"Total (LFS)","5-9","0-14"
"17","8",2015,660147,"Total (LFS)","5-9","0-14"
"18","8",2016,663978,"Total (LFS)","5-9","0-14"
"19","9",2015,612498,"Total (LFS)","5-9","0-14"
"20","9",2016,671793,"Total (LFS)","5-9","0-14"
"21","10",2015,612391,"Total (LFS)","10-14","0-14"
"22","10",2016,622378,"Total (LFS)","10-14","0-14"
"23","11",2015,604269,"Total (LFS)","10-14","0-14"
"24","11",2016,617730,"Total (LFS)","10-14","0-14"
"25","12",2015,597139,"Total (LFS)","10-14","0-14"
"26","12",2016,644118,"Total (LFS)","10-14","0-14"
"27","13",2015,589664,"Total (LFS)","10-14","0-14"
"28","13",2016,578920,"Total (LFS)","10-14","0-14"
"29","14",2015,581218,"Total (LFS)","10-14","0-14"
"30","14",2016,592326,"Total (LFS)","10-14","0-14"
"31","15",2015,593980,"Total (LFS)","15-19","15-64"
"32","15",2016,578314,"Total (LFS)","15-19","15-64"
"33","16",2015,620575,"Total (LFS)","15-19","15-64"
"34","16",2016,604178,"Total (LFS)","15-19","15-64"
"35","17",2015,620750,"Total (LFS)","15-19","15-64"
"36","17",2016,616560,"Total (LFS)","15-19","15-64"
"37","18",2015,651317,"Total (LFS)","15-19","15-64"
"38","18",2016,646926,"Total (LFS)","15-19","15-64"
"39","19",2015,648985,"Total (LFS)","15-19","15-64"
"40","19",2016,653127,"Total (LFS)","15-19","15-64"
"41","20",2015,662853,"Total (LFS)","20-24","15-64"
"42","20",2016,664236,"Total (LFS)","20-24","15-64"
"43","21",2015,689588,"Total (LFS)","20-24","15-64"
"44","21",2016,680998,"Total (LFS)","20-24","15-64"
"45","22",2015,706068,"Total (LFS)","20-24","15-64"
"46","22",2016,697339,"Total (LFS)","20-24","15-64"
"47","23",2015,725780,"Total (LFS)","20-24","15-64"
"48","23",2016,717990,"Total (LFS)","20-24","15-64"
"49","24",2015,751981,"Total (LFS)","20-24","15-64"
"50","24",2016,745605,"Total (LFS)","20-24","15-64"
"51","25",2015,707988,"Total (LFS)","25-29","15-64"
"52","25",2016,675463,"Total (LFS)","25-29","15-64"
"53","26",2015,733879,"Total (LFS)","25-29","15-64"
"54","26",2016,725465,"Total (LFS)","25-29","15-64"
"55","27",2015,722091,"Total (LFS)","25-29","15-64"
"56","27",2016,711427,"Total (LFS)","25-29","15-64"
"57","28",2015,756816,"Total (LFS)","25-29","15-64"
"58","28",2016,832840,"Total (LFS)","25-29","15-64"
"59","29",2015,791974,"Total (LFS)","25-29","15-64"
"60","29",2016,819245,"Total (LFS)","25-29","15-64"
"61","30",2015,690826,"Total (LFS)","30-34","15-64"
"62","30",2016,752774,"Total (LFS)","30-34","15-64"
"63","31",2015,660309,"Total (LFS)","30-34","15-64"
"64","31",2016,717567,"Total (LFS)","30-34","15-64"
"65","32",2015,761937,"Total (LFS)","30-34","15-64"
"66","32",2016,704321,"Total (LFS)","30-34","15-64"
"67","33",2015,781264,"Total (LFS)","30-34","15-64"
"68","33",2016,766903,"Total (LFS)","30-34","15-64"
"69","34",2015,802982,"Total (LFS)","30-34","15-64"
"70","34",2016,776982,"Total (LFS)","30-34","15-64"
"71","35",2015,729572,"Total (LFS)","35-39","15-64"
"72","35",2016,711848,"Total (LFS)","35-39","15-64"
"73","36",2015,711840,"Total (LFS)","35-39","15-64"
"74","36",2016,761965,"Total (LFS)","35-39","15-64"
"75","37",2015,706226,"Total (LFS)","35-39","15-64"
"76","37",2016,691230,"Total (LFS)","35-39","15-64"
"77","38",2015,669387,"Total (LFS)","35-39","15-64"
"78","38",2016,662868,"Total (LFS)","35-39","15-64"
"79","39",2015,625194,"Total (LFS)","35-39","15-64"
"80","39",2016,698866,"Total (LFS)","35-39","15-64"
"81","40",2015,679894,"Total (LFS)","40-44","15-64"
"82","40",2016,674994,"Total (LFS)","40-44","15-64"
"83","41",2015,727266,"Total (LFS)","40-44","15-64"
"84","41",2016,685025,"Total (LFS)","40-44","15-64"
"85","42",2015,698481,"Total (LFS)","40-44","15-64"
"86","42",2016,708991,"Total (LFS)","40-44","15-64"
"87","43",2015,712907,"Total (LFS)","40-44","15-64"
"88","43",2016,730790,"Total (LFS)","40-44","15-64"
"89","44",2015,802301,"Total (LFS)","40-44","15-64"
"90","44",2016,722505,"Total (LFS)","40-44","15-64"
"91","45",2015,797033,"Total (LFS)","45-49","15-64"
"92","45",2016,803060,"Total (LFS)","45-49","15-64"
"93","46",2015,766011,"Total (LFS)","45-49","15-64"
"94","46",2016,746871,"Total (LFS)","45-49","15-64"
"95","47",2015,745586,"Total (LFS)","45-49","15-64"
"96","47",2016,772463,"Total (LFS)","45-49","15-64"
"97","48",2015,783439,"Total (LFS)","45-49","15-64"
"98","48",2016,770955,"Total (LFS)","45-49","15-64"
"99","49",2015,776944,"Total (LFS)","45-49","15-64"
"100","49",2016,767605,"Total (LFS)","45-49","15-64"
"101","50",2015,785858,"Total (LFS)","50-54","15-64"
"102","50",2016,772388,"Total (LFS)","50-54","15-64"
"103","51",2015,780581,"Total (LFS)","50-54","15-64"
"104","51",2016,787956,"Total (LFS)","50-54","15-64"
"105","52",2015,736204,"Total (LFS)","50-54","15-64"
"106","52",2016,785540,"Total (LFS)","50-54","15-64"
"107","53",2015,758798,"Total (LFS)","50-54","15-64"
"108","53",2016,762982,"Total (LFS)","50-54","15-64"
"109","54",2015,720068,"Total (LFS)","50-54","15-64"
"110","54",2016,737048,"Total (LFS)","50-54","15-64"
"111","55",2015,664939,"Total (LFS)","55-59","15-64"
"112","55",2016,687906,"Total (LFS)","55-59","15-64"
"113","56",2015,638235,"Total (LFS)","55-59","15-64"
"114","56",2016,684466,"Total (LFS)","55-59","15-64"
"115","57",2015,661523,"Total (LFS)","55-59","15-64"
"116","57",2016,675619,"Total (LFS)","55-59","15-64"
"117","58",2015,658648,"Total (LFS)","55-59","15-64"
"118","58",2016,681011,"Total (LFS)","55-59","15-64"
"119","59",2015,628638,"Total (LFS)","55-59","15-64"
"120","59",2016,620952,"Total (LFS)","55-59","15-64"
"121","60",2015,585672,"Total (LFS)","60-64","15-64"
"122","60",2016,590976,"Total (LFS)","60-64","15-64"
"123","61",2015,548135,"Total (LFS)","60-64","15-64"
"124","61",2016,575768,"Total (LFS)","60-64","15-64"
"125","62",2015,592812,"Total (LFS)","60-64","15-64"
"126","62",2016,578281,"Total (LFS)","60-64","15-64"
"127","63",2015,572835,"Total (LFS)","60-64","15-64"
"128","63",2016,584488,"Total (LFS)","60-64","15-64"
"129","64",2015,589811,"Total (LFS)","60-64","15-64"
"130","64",2016,582880,"Total (LFS)","60-64","15-64"
"131","65",2015,611664,"Total (LFS)","65-69","65+"
"132","65",2016,551220,"Total (LFS)","65-69","65+"
"133","66",2015,581863,"Total (LFS)","65-69","65+"
"134","66",2016,572998,"Total (LFS)","65-69","65+"
"135","67",2015,646519,"Total (LFS)","65-69","65+"
"136","67",2016,583249,"Total (LFS)","65-69","65+"
"137","68",2015,630885,"Total (LFS)","65-69","65+"
"138","68",2016,657402,"Total (LFS)","65-69","65+"
"139","69",2015,522462,"Total (LFS)","65-69","65+"
"140","69",2016,645389,"Total (LFS)","65-69","65+"
"141","70",2015,522925,"Total (LFS)","70-74","65+"
"142","70",2016,534342,"Total (LFS)","70-74","65+"
"143","71",2015,500586,"Total (LFS)","70-74","65+"
"144","71",2016,542259,"Total (LFS)","70-74","65+"
"145","72",2015,474661,"Total (LFS)","70-74","65+"
"146","72",2016,476686,"Total (LFS)","70-74","65+"
"147","73",2015,369384,"Total (LFS)","70-74","65+"
"148","73",2016,446340,"Total (LFS)","70-74","65+"
"149","74",2015,371124,"Total (LFS)","70-74","65+"
"150","74",2016,347987,"Total (LFS)","70-74","65+"
"151","75",2015,389575,"Total (LFS)","75-79","65+"
"152","75",2016,406133,"Total (LFS)","75-79","65+"
"153","76",2015,336755,"Total (LFS)","75-79","65+"
"154","76",2016,324759,"Total (LFS)","75-79","65+"
"155","77",2015,359570,"Total (LFS)","75-79","65+"
"156","77",2016,372670,"Total (LFS)","75-79","65+"
"157","78",2015,331814,"Total (LFS)","75-79","65+"
"158","78",2016,329309,"Total (LFS)","75-79","65+"
"159","79",2015,347181,"Total (LFS)","75-79","65+"
"160","79",2016,326056,"Total (LFS)","75-79","65+"
"161","80",2015,364518,"Total (LFS)","80-84","65+"
"162","80",2016,306424,"Total (LFS)","80-84","65+"
"163","81",2015,241548,"Total (LFS)","80-84","65+"
"164","81",2016,328922,"Total (LFS)","80-84","65+"
"165","82",2015,218110,"Total (LFS)","80-84","65+"
"166","82",2016,223874,"Total (LFS)","80-84","65+"
"167","83",2015,208524,"Total (LFS)","80-84","65+"
"168","83",2016,291124,"Total (LFS)","80-84","65+"
"169","84",2015,225205,"Total (LFS)","80-84","65+"
"170","84",2016,188020,"Total (LFS)","80-84","65+"
"171","85",2015,199148,"Total (LFS)","85-89","65+"
"172","85",2016,215245,"Total (LFS)","85-89","65+"
"173","86",2015,184102,"Total (LFS)","85-89","65+"
"174","86",2016,179271,"Total (LFS)","85-89","65+"
"175","87",2015,146028,"Total (LFS)","85-89","65+"
"176","87",2016,169926,"Total (LFS)","85-89","65+"
"177","88",2015,123638,"Total (LFS)","85-89","65+"
"178","88",2016,99253,"Total (LFS)","85-89","65+"
"179","89",2015,110189,"Total (LFS)","85-89","65+"
"180","89",2016,103409,"Total (LFS)","85-89","65+"
"181","90+",2015,336264,"Total (LFS)","90+","65+"
"182","90+",2016,297270,"Total (LFS)","90+","65+"
"183",NA,NA,NA,"Total",NA,NA
"184","0",2001,557502,"Total","0-4","0-14"
"185","1",2001,572104,"Total","0-4","0-14"
"186","2",2001,586546,"Total","0-4","0-14"
"187","3",2001,596281,"Total","0-4","0-14"
"188","4",2001,611406,"Total","0-4","0-14"
"189","5",2001,607008,"Total","5-9","0-14"
"190","6",2001,608881,"Total","5-9","0-14"
"191","7",2001,623653,"Total","5-9","0-14"
"192","8",2001,630796,"Total","5-9","0-14"
"193","9",2001,650450,"Total","5-9","0-14"
"194","10",2001,660955,"Total","10-14","0-14"
"195","11",2001,650382,"Total","10-14","0-14"
"196","12",2001,642727,"Total","10-14","0-14"
"197","13",2001,650171,"Total","10-14","0-14"
"198","14",2001,633826,"Total","10-14","0-14"
"199","15",2001,625706,"Total","15-19","15-64"
"200","16",2001,629729,"Total","15-19","15-64"
"201","17",2001,607690,"Total","15-19","15-64"
"202","18",2001,593746,"Total","15-19","15-64"
"203","19",2001,588129,"Total","15-19","15-64"
"204","20",2001,612518,"Total","20-24","15-64"
"205","21",2001,616613,"Total","20-24","15-64"
"206","22",2001,599160,"Total","20-24","15-64"
"207","23",2001,576893,"Total","20-24","15-64"
"208","24",2001,581400,"Total","20-24","15-64"
"209","25",2001,603724,"Total","25-29","15-64"
"210","26",2001,630571,"Total","25-29","15-64"
"211","27",2001,654561,"Total","25-29","15-64"
"212","28",2001,696247,"Total","25-29","15-64"
"213","29",2001,735365,"Total","25-29","15-64"
"214","30",2001,756225,"Total","30-34","15-64"
"215","31",2001,750268,"Total","30-34","15-64"
"216","32",2001,770400,"Total","30-34","15-64"
"217","33",2001,777463,"Total","30-34","15-64"
"218","34",2001,796206,"Total","30-34","15-64"
"219","35",2001,796931,"Total","35-39","15-64"
"220","36",2001,798783,"Total","35-39","15-64"
"221","37",2001,790570,"Total","35-39","15-64"
"222","38",2001,776545,"Total","35-39","15-64"
"223","39",2001,756143,"Total","35-39","15-64"
"224","40",2001,736326,"Total","40-44","15-64"
"225","41",2001,708830,"Total","40-44","15-64"
"226","42",2001,694600,"Total","40-44","15-64"
"227","43",2001,685074,"Total","40-44","15-64"
"228","44",2001,663083,"Total","40-44","15-64"
"229","45",2001,640280,"Total","45-49","15-64"
"230","46",2001,624378,"Total","45-49","15-64"
"231","47",2001,627954,"Total","45-49","15-64"
"232","48",2001,621132,"Total","45-49","15-64"
"233","49",2001,615223,"Total","45-49","15-64"
"234","50",2001,617818,"Total","50-54","15-64"
"235","51",2001,636516,"Total","50-54","15-64"
"236","52",2001,657414,"Total","50-54","15-64"
"237","53",2001,707124,"Total","50-54","15-64"
"238","54",2001,745951,"Total","50-54","15-64"
"239","55",2001,607770,"Total","55-59","15-64"
"240","56",2001,593845,"Total","55-59","15-64"
"241","57",2001,579578,"Total","55-59","15-64"
"242","58",2001,553477,"Total","55-59","15-64"
"243","59",2001,498114,"Total","55-59","15-64"
"244","60",2001,467092,"Total","60-64","15-64"
"245","61",2001,487005,"Total","60-64","15-64"
"246","62",2001,488071,"Total","60-64","15-64"
"247","63",2001,482757,"Total","60-64","15-64"
"248","64",2001,470534,"Total","60-64","15-64"
"249","65",2001,456222,"Total","65-69","65+"
"250","66",2001,441673,"Total","65-69","65+"
"251","67",2001,423029,"Total","65-69","65+"
"252","68",2001,419424,"Total","65-69","65+"
"253","69",2001,419748,"Total","65-69","65+"
"254","70",2001,418497,"Total","70-74","65+"
"255","71",2001,406238,"Total","70-74","65+"
"256","72",2001,389768,"Total","70-74","65+"
"257","73",2001,372608,"Total","70-74","65+"
"258","74",2001,365793,"Total","70-74","65+"
"259","75",2001,354946,"Total","75-79","65+"
"260","76",2001,339266,"Total","75-79","65+"
"261","77",2001,326016,"Total","75-79","65+"
"262","78",2001,313336,"Total","75-79","65+"
"263","79",2001,311163,"Total","75-79","65+"
"264","80",2001,308622,"Total","80-84","65+"
"265","81",2001,287067,"Total","80-84","65+"
"266","82",2001,200110,"Total","80-84","65+"
"267","83",2001,160327,"Total","80-84","65+"
"268","84",2001,162830,"Total","80-84","65+"
"269","85",2001,155219,"Total","85-89","65+"
"270","86",2001,148434,"Total","85-89","65+"
"271","87",2001,130533,"Total","85-89","65+"
"272","88",2001,111700,"Total","85-89","65+"
"273","89",2001,92390,"Total","85-89","65+"
"274",NA,2001,320567,"Total",NA,NA
"275","0",2002,559072,"Total","0-4","0-14"
"276","1",2002,559188,"Total","0-4","0-14"
"277","2",2002,574416,"Total","0-4","0-14"
"278","3",2002,589440,"Total","0-4","0-14"
"279","4",2002,599405,"Total","0-4","0-14"
"280","5",2002,614820,"Total","5-9","0-14"
"281","6",2002,610238,"Total","5-9","0-14"
"282","7",2002,611499,"Total","5-9","0-14"
"283","8",2002,626939,"Total","5-9","0-14"
"284","9",2002,632843,"Total","5-9","0-14"
"285","10",2002,652912,"Total","10-14","0-14"
"286","11",2002,663404,"Total","10-14","0-14"
"287","12",2002,650721,"Total","10-14","0-14"
"288","13",2002,642301,"Total","10-14","0-14"
"289","14",2002,648646,"Total","10-14","0-14"
"290","15",2002,632470,"Total","15-19","15-64"
"291","16",2002,626288,"Total","15-19","15-64"
"292","17",2002,630897,"Total","15-19","15-64"
"293","18",2002,611942,"Total","15-19","15-64"
"294","19",2002,602402,"Total","15-19","15-64"
"295","20",2002,596031,"Total","20-24","15-64"
"296","21",2002,623727,"Total","20-24","15-64"
"297","22",2002,631273,"Total","20-24","15-64"
"298","23",2002,614417,"Total","20-24","15-64"
"299","24",2002,590051,"Total","20-24","15-64"
"300","25",2002,592793,"Total","25-29","15-64"
"301","26",2002,613740,"Total","25-29","15-64"
"302","27",2002,639044,"Total","25-29","15-64"
"303","28",2002,662416,"Total","25-29","15-64"
"304","29",2002,702910,"Total","25-29","15-64"
"305","30",2002,737388,"Total","30-34","15-64"
"306","31",2002,758547,"Total","30-34","15-64"
"307","32",2002,752195,"Total","30-34","15-64"
"308","33",2002,771688,"Total","30-34","15-64"
"309","34",2002,778255,"Total","30-34","15-64"
"310","35",2002,797150,"Total","35-39","15-64"
"311","36",2002,798043,"Total","35-39","15-64"
"312","37",2002,799886,"Total","35-39","15-64"
"313","38",2002,791707,"Total","35-39","15-64"
"314","39",2002,777880,"Total","35-39","15-64"
"315","40",2002,759053,"Total","40-44","15-64"
"316","41",2002,738179,"Total","40-44","15-64"
"317","42",2002,710610,"Total","40-44","15-64"
"318","43",2002,696153,"Total","40-44","15-64"
"319","44",2002,686134,"Total","40-44","15-64"
"320","45",2002,659475,"Total","45-49","15-64"
"321","46",2002,637082,"Total","45-49","15-64"
"322","47",2002,620510,"Total","45-49","15-64"
"323","48",2002,624345,"Total","45-49","15-64"
"324","49",2002,618189,"Total","45-49","15-64"
"325","50",2002,613054,"Total","50-54","15-64"
"326","51",2002,615886,"Total","50-54","15-64"
"327","52",2002,634206,"Total","50-54","15-64"
"328","53",2002,654633,"Total","50-54","15-64"
"329","54",2002,703103,"Total","50-54","15-64"
"330","55",2002,743699,"Total","55-59","15-64"
"331","56",2002,602983,"Total","55-59","15-64"
"332","57",2002,589067,"Total","55-59","15-64"
"333","58",2002,576221,"Total","55-59","15-64"
"334","59",2002,549000,"Total","55-59","15-64"
"335","60",2002,494062,"Total","60-64","15-64"
"336","61",2002,462138,"Total","60-64","15-64"
"337","62",2002,481872,"Total","60-64","15-64"
"338","63",2002,482751,"Total","60-64","15-64"
"339","64",2002,477024,"Total","60-64","15-64"
"340","65",2002,463742,"Total","65-69","65+"
"341","66",2002,449207,"Total","65-69","65+"
"342","67",2002,434613,"Total","65-69","65+"
"343","68",2002,415454,"Total","65-69","65+"
"344","69",2002,411016,"Total","65-69","65+"
"345","70",2002,410775,"Total","70-74","65+"
"346","71",2002,408208,"Total","70-74","65+"
"347","72",2002,395400,"Total","70-74","65+"
"348","73",2002,378019,"Total","70-74","65+"
"349","74",2002,360196,"Total","70-74","65+"
"350","75",2002,352165,"Total","75-79","65+"
"351","76",2002,340193,"Total","75-79","65+"
"352","77",2002,323900,"Total","75-79","65+"
"353","78",2002,309949,"Total","75-79","65+"
"354","79",2002,296628,"Total","75-79","65+"
"355","80",2002,292254,"Total","80-84","65+"
"356","81",2002,287985,"Total","80-84","65+"
"357","82",2002,265030,"Total","80-84","65+"
"358","83",2002,185183,"Total","80-84","65+"
"359","84",2002,145996,"Total","80-84","65+"
"360","85",2002,146730,"Total","85-89","65+"
"361","86",2002,138062,"Total","85-89","65+"
"362","87",2002,130664,"Total","85-89","65+"
"363","88",2002,113448,"Total","85-89","65+"
"364","89",2002,95465,"Total","85-89","65+"
"365",NA,2002,330572,"Total",NA,NA
"366","0",2003,575898,"Total","0-4","0-14"
"367","1",2003,559670,"Total","0-4","0-14"
"368","2",2003,561672,"Total","0-4","0-14"
"369","3",2003,577061,"Total","0-4","0-14"
"370","4",2003,592909,"Total","0-4","0-14"
"371","5",2003,603012,"Total","5-9","0-14"
"372","6",2003,618423,"Total","5-9","0-14"
"373","7",2003,614219,"Total","5-9","0-14"
"374","8",2003,614737,"Total","5-9","0-14"
"375","9",2003,630410,"Total","5-9","0-14"
"376","10",2003,635470,"Total","10-14","0-14"
"377","11",2003,655147,"Total","10-14","0-14"
"378","12",2003,665542,"Total","10-14","0-14"
"379","13",2003,651555,"Total","10-14","0-14"
"380","14",2003,642784,"Total","10-14","0-14"
"381","15",2003,650495,"Total","15-19","15-64"
"382","16",2003,634417,"Total","15-19","15-64"
"383","17",2003,630318,"Total","15-19","15-64"
"384","18",2003,637983,"Total","15-19","15-64"
"385","19",2003,622459,"Total","15-19","15-64"
"386","20",2003,608883,"Total","20-24","15-64"
"387","21",2003,607081,"Total","20-24","15-64"
"388","22",2003,636193,"Total","20-24","15-64"
"389","23",2003,645179,"Total","20-24","15-64"
"390","24",2003,628006,"Total","20-24","15-64"
"391","25",2003,600961,"Total","25-29","15-64"
"392","26",2003,603217,"Total","25-29","15-64"
"393","27",2003,622938,"Total","25-29","15-64"
"394","28",2003,647392,"Total","25-29","15-64"
"395","29",2003,669860,"Total","25-29","15-64"
"396","30",2003,705708,"Total","30-34","15-64"
"397","31",2003,739403,"Total","30-34","15-64"
"398","32",2003,761424,"Total","30-34","15-64"
"399","33",2003,753478,"Total","30-34","15-64"
"400","34",2003,772638,"Total","30-34","15-64"
"401","35",2003,779044,"Total","35-39","15-64"
"402","36",2003,797142,"Total","35-39","15-64"
"403","37",2003,798308,"Total","35-39","15-64"
"404","38",2003,800337,"Total","35-39","15-64"
"405","39",2003,792520,"Total","35-39","15-64"
"406","40",2003,777246,"Total","40-44","15-64"
"407","41",2003,758729,"Total","40-44","15-64"
"408","42",2003,737587,"Total","40-44","15-64"
"409","43",2003,710041,"Total","40-44","15-64"
"410","44",2003,695616,"Total","40-44","15-64"
"411","45",2003,684913,"Total","45-49","15-64"
"412","46",2003,658477,"Total","45-49","15-64"
"413","47",2003,636182,"Total","45-49","15-64"
"414","48",2003,618962,"Total","45-49","15-64"
"415","49",2003,622908,"Total","45-49","15-64"
"416","50",2003,615969,"Total","50-54","15-64"
"417","51",2003,609813,"Total","50-54","15-64"
"418","52",2003,612857,"Total","50-54","15-64"
"419","53",2003,630774,"Total","50-54","15-64"
"420","54",2003,650785,"Total","50-54","15-64"
"421","55",2003,696732,"Total","55-59","15-64"
"422","56",2003,739466,"Total","55-59","15-64"
"423","57",2003,596688,"Total","55-59","15-64"
"424","58",2003,583159,"Total","55-59","15-64"
"425","59",2003,571623,"Total","55-59","15-64"
"426","60",2003,544274,"Total","60-64","15-64"
"427","61",2003,489775,"Total","60-64","15-64"
"428","62",2003,456714,"Total","60-64","15-64"
"429","63",2003,476283,"Total","60-64","15-64"
"430","64",2003,476991,"Total","60-64","15-64"
"431","65",2003,470131,"Total","65-69","65+"
"432","66",2003,456287,"Total","65-69","65+"
"433","67",2003,441787,"Total","65-69","65+"
"434","68",2003,427136,"Total","65-69","65+"
"435","69",2003,407126,"Total","65-69","65+"
"436","70",2003,401983,"Total","70-74","65+"
"437","71",2003,401191,"Total","70-74","65+"
"438","72",2003,397268,"Total","70-74","65+"
"439","73",2003,383808,"Total","70-74","65+"
"440","74",2003,365734,"Total","70-74","65+"
"441","75",2003,347254,"Total","75-79","65+"
"442","76",2003,337785,"Total","75-79","65+"
"443","77",2003,324901,"Total","75-79","65+"
"444","78",2003,307977,"Total","75-79","65+"
"445","79",2003,293156,"Total","75-79","65+"
"446","80",2003,278916,"Total","80-84","65+"
"447","81",2003,273151,"Total","80-84","65+"
"448","82",2003,266722,"Total","80-84","65+"
"449","83",2003,242773,"Total","80-84","65+"
"450","84",2003,170294,"Total","80-84","65+"
"451","85",2003,131445,"Total","85-89","65+"
"452","86",2003,130797,"Total","85-89","65+"
"453","87",2003,121222,"Total","85-89","65+"
"454","88",2003,113634,"Total","85-89","65+"
"455","89",2003,96967,"Total","85-89","65+"
"456",NA,2003,339615,"Total",NA,NA
"457","0",2004,597087,"Total","0-4","0-14"
"458","1",2004,575093,"Total","0-4","0-14"
"459","2",2004,560054,"Total","0-4","0-14"
"460","3",2004,563931,"Total","0-4","0-14"
"461","4",2004,579825,"Total","0-4","0-14"
"462","5",2004,596528,"Total","5-9","0-14"
"463","6",2004,606000,"Total","5-9","0-14"
"464","7",2004,621878,"Total","5-9","0-14"
"465","8",2004,617893,"Total","5-9","0-14"
"466","9",2004,617567,"Total","5-9","0-14"
"467","10",2004,632425,"Total","10-14","0-14"
"468","11",2004,636571,"Total","10-14","0-14"
"469","12",2004,655097,"Total","10-14","0-14"
"470","13",2004,665401,"Total","10-14","0-14"
"471","14",2004,649740,"Total","10-14","0-14"
"472","15",2004,644054,"Total","15-19","15-64"
"473","16",2004,652594,"Total","15-19","15-64"
"474","17",2004,636158,"Total","15-19","15-64"
"475","18",2004,636682,"Total","15-19","15-64"
"476","19",2004,649084,"Total","15-19","15-64"
"477","20",2004,630928,"Total","20-24","15-64"
"478","21",2004,624523,"Total","20-24","15-64"
"479","22",2004,627661,"Total","20-24","15-64"
"480","23",2004,656866,"Total","20-24","15-64"
"481","24",2004,666626,"Total","20-24","15-64"
"482","25",2004,641493,"Total","25-29","15-64"
"483","26",2004,611604,"Total","25-29","15-64"
"484","27",2004,612991,"Total","25-29","15-64"
"485","28",2004,632020,"Total","25-29","15-64"
"486","29",2004,655221,"Total","25-29","15-64"
"487","30",2004,671763,"Total","30-34","15-64"
"488","31",2004,707659,"Total","30-34","15-64"
"489","32",2004,740197,"Total","30-34","15-64"
"490","33",2004,762433,"Total","30-34","15-64"
"491","34",2004,753567,"Total","30-34","15-64"
"492","35",2004,773674,"Total","35-39","15-64"
"493","36",2004,779322,"Total","35-39","15-64"
"494","37",2004,796931,"Total","35-39","15-64"
"495","38",2004,798103,"Total","35-39","15-64"
"496","39",2004,800278,"Total","35-39","15-64"
"497","40",2004,790918,"Total","40-44","15-64"
"498","41",2004,775413,"Total","40-44","15-64"
"499","42",2004,757677,"Total","40-44","15-64"
"500","43",2004,735705,"Total","40-44","15-64"
"501","44",2004,708471,"Total","40-44","15-64"
"502","45",2004,694444,"Total","45-49","15-64"
"503","46",2004,683283,"Total","45-49","15-64"
"504","47",2004,656854,"Total","45-49","15-64"
"505","48",2004,634734,"Total","45-49","15-64"
"506","49",2004,616718,"Total","45-49","15-64"
"507","50",2004,619389,"Total","50-54","15-64"
"508","51",2004,612944,"Total","50-54","15-64"
"509","52",2004,605649,"Total","50-54","15-64"
"510","53",2004,609051,"Total","50-54","15-64"
"511","54",2004,626331,"Total","50-54","15-64"
"512","55",2004,646422,"Total","55-59","15-64"
"513","56",2004,690908,"Total","55-59","15-64"
"514","57",2004,735994,"Total","55-59","15-64"
"515","58",2004,591242,"Total","55-59","15-64"
"516","59",2004,577547,"Total","55-59","15-64"
"517","60",2004,567349,"Total","60-64","15-64"
"518","61",2004,538939,"Total","60-64","15-64"
"519","62",2004,484664,"Total","60-64","15-64"
"520","63",2004,450629,"Total","60-64","15-64"
"521","64",2004,469943,"Total","60-64","15-64"
"522","65",2004,469704,"Total","65-69","65+"
"523","66",2004,462860,"Total","65-69","65+"
"524","67",2004,448542,"Total","65-69","65+"
"525","68",2004,433634,"Total","65-69","65+"
"526","69",2004,418632,"Total","65-69","65+"
"527","70",2004,398479,"Total","70-74","65+"
"528","71",2004,392444,"Total","70-74","65+"
"529","72",2004,390808,"Total","70-74","65+"
"530","73",2004,385862,"Total","70-74","65+"
"531","74",2004,371782,"Total","70-74","65+"
"532","75",2004,352724,"Total","75-79","65+"
"533","76",2004,333902,"Total","75-79","65+"
"534","77",2004,322960,"Total","75-79","65+"
"535","78",2004,309201,"Total","75-79","65+"
"536","79",2004,291641,"Total","75-79","65+"
"537","80",2004,275976,"Total","80-84","65+"
"538","81",2004,260834,"Total","80-84","65+"
"539","82",2004,253561,"Total","80-84","65+"
"540","83",2004,245130,"Total","80-84","65+"
"541","84",2004,220242,"Total","80-84","65+"
"542","85",2004,155275,"Total","85-89","65+"
"543","86",2004,116735,"Total","85-89","65+"
"544","87",2004,115021,"Total","85-89","65+"
"545","88",2004,104845,"Total","85-89","65+"
"546","89",2004,97353,"Total","85-89","65+"
"547",NA,2004,347713,"Total",NA,NA
"548","0",2005,606776,"Total","0-4","0-14"
"549","1",2005,596809,"Total","0-4","0-14"
"550","2",2005,575954,"Total","0-4","0-14"
"551","3",2005,561503,"Total","0-4","0-14"
"552","4",2005,566945,"Total","0-4","0-14"
"553","5",2005,581227,"Total","5-9","0-14"
"554","6",2005,598226,"Total","5-9","0-14"
"555","7",2005,607633,"Total","5-9","0-14"
"556","8",2005,623497,"Total","5-9","0-14"
"557","9",2005,620142,"Total","5-9","0-14"
"558","10",2005,620214,"Total","10-14","0-14"
"559","11",2005,635666,"Total","10-14","0-14"
"560","12",2005,638363,"Total","10-14","0-14"
"561","13",2005,656325,"Total","10-14","0-14"
"562","14",2005,666445,"Total","10-14","0-14"
"563","15",2005,652454,"Total","15-19","15-64"
"564","16",2005,647480,"Total","15-19","15-64"
"565","17",2005,655938,"Total","15-19","15-64"
"566","18",2005,642597,"Total","15-19","15-64"
"567","19",2005,649820,"Total","15-19","15-64"
"568","20",2005,660529,"Total","20-24","15-64"
"569","21",2005,648643,"Total","20-24","15-64"
"570","22",2005,649227,"Total","20-24","15-64"
"571","23",2005,653305,"Total","20-24","15-64"
"572","24",2005,682023,"Total","20-24","15-64"
"573","25",2005,687077,"Total","25-29","15-64"
"574","26",2005,660636,"Total","25-29","15-64"
"575","27",2005,627065,"Total","25-29","15-64"
"576","28",2005,628017,"Total","25-29","15-64"
"577","29",2005,645467,"Total","25-29","15-64"
"578","30",2005,663500,"Total","30-34","15-64"
"579","31",2005,678563,"Total","30-34","15-64"
"580","32",2005,713883,"Total","30-34","15-64"
"581","33",2005,744807,"Total","30-34","15-64"
"582","34",2005,767466,"Total","30-34","15-64"
"583","35",2005,757863,"Total","35-39","15-64"
"584","36",2005,777087,"Total","35-39","15-64"
"585","37",2005,782018,"Total","35-39","15-64"
"586","38",2005,798556,"Total","35-39","15-64"
"587","39",2005,799472,"Total","35-39","15-64"
"588","40",2005,801371,"Total","40-44","15-64"
"589","41",2005,791873,"Total","40-44","15-64"
"590","42",2005,775994,"Total","40-44","15-64"
"591","43",2005,758661,"Total","40-44","15-64"
"592","44",2005,735938,"Total","40-44","15-64"
"593","45",2005,707494,"Total","45-49","15-64"
"594","46",2005,693468,"Total","45-49","15-64"
"595","47",2005,681619,"Total","45-49","15-64"
"596","48",2005,655340,"Total","45-49","15-64"
"597","49",2005,633354,"Total","45-49","15-64"
"598","50",2005,614785,"Total","50-54","15-64"
"599","51",2005,617608,"Total","50-54","15-64"
"600","52",2005,611514,"Total","50-54","15-64"
"601","53",2005,603137,"Total","50-54","15-64"
"602","54",2005,606763,"Total","50-54","15-64"
"603","55",2005,623021,"Total","55-59","15-64"
"604","56",2005,642358,"Total","55-59","15-64"
"605","57",2005,685536,"Total","55-59","15-64"
"606","58",2005,733184,"Total","55-59","15-64"
"607","59",2005,586025,"Total","55-59","15-64"
"608","60",2005,571335,"Total","60-64","15-64"
"609","61",2005,562455,"Total","60-64","15-64"
"610","62",2005,533152,"Total","60-64","15-64"
"611","63",2005,478957,"Total","60-64","15-64"
"612","64",2005,443865,"Total","60-64","15-64"
"613","65",2005,463364,"Total","65-69","65+"
"614","66",2005,462985,"Total","65-69","65+"
"615","67",2005,455864,"Total","65-69","65+"
"616","68",2005,440767,"Total","65-69","65+"
"617","69",2005,425531,"Total","65-69","65+"
"618","70",2005,410500,"Total","70-74","65+"
"619","71",2005,389705,"Total","70-74","65+"
"620","72",2005,382659,"Total","70-74","65+"
"621","73",2005,380378,"Total","70-74","65+"
"622","74",2005,374394,"Total","70-74","65+"
"623","75",2005,359766,"Total","75-79","65+"
"624","76",2005,339391,"Total","75-79","65+"
"625","77",2005,320205,"Total","75-79","65+"
"626","78",2005,307929,"Total","75-79","65+"
"627","79",2005,292956,"Total","75-79","65+"
"628","80",2005,275169,"Total","80-84","65+"
"629","81",2005,258609,"Total","80-84","65+"
"630","82",2005,243045,"Total","80-84","65+"
"631","83",2005,234125,"Total","80-84","65+"
"632","84",2005,223963,"Total","80-84","65+"
"633","85",2005,198107,"Total","85-89","65+"
"634","86",2005,140498,"Total","85-89","65+"
"635","87",2005,103087,"Total","85-89","65+"
"636","88",2005,100105,"Total","85-89","65+"
"637","89",2005,89456,"Total","85-89","65+"
"638",NA,2005,355451,"Total",NA,NA
"639","0",2006,622805,"Total","0-4","0-14"
"640","1",2006,606029,"Total","0-4","0-14"
"641","2",2006,596170,"Total","0-4","0-14"
"642","3",2006,576028,"Total","0-4","0-14"
"643","4",2006,562083,"Total","0-4","0-14"
"644","5",2006,568461,"Total","5-9","0-14"
"645","6",2006,582924,"Total","5-9","0-14"
"646","7",2006,600295,"Total","5-9","0-14"
"647","8",2006,609683,"Total","5-9","0-14"
"648","9",2006,625740,"Total","5-9","0-14"
"649","10",2006,623261,"Total","10-14","0-14"
"650","11",2006,622895,"Total","10-14","0-14"
"651","12",2006,638428,"Total","10-14","0-14"
"652","13",2006,640160,"Total","10-14","0-14"
"653","14",2006,657231,"Total","10-14","0-14"
"654","15",2006,670744,"Total","15-19","15-64"
"655","16",2006,655753,"Total","15-19","15-64"
"656","17",2006,651137,"Total","15-19","15-64"
"657","18",2006,661906,"Total","15-19","15-64"
"658","19",2006,651489,"Total","15-19","15-64"
"659","20",2006,660461,"Total","20-24","15-64"
"660","21",2006,676690,"Total","20-24","15-64"
"661","22",2006,669005,"Total","20-24","15-64"
"662","23",2006,672195,"Total","20-24","15-64"
"663","24",2006,676996,"Total","20-24","15-64"
"664","25",2006,695307,"Total","25-29","15-64"
"665","26",2006,700762,"Total","25-29","15-64"
"666","27",2006,673249,"Total","25-29","15-64"
"667","28",2006,637635,"Total","25-29","15-64"
"668","29",2006,637572,"Total","25-29","15-64"
"669","30",2006,652469,"Total","30-34","15-64"
"670","31",2006,668962,"Total","30-34","15-64"
"671","32",2006,683634,"Total","30-34","15-64"
"672","33",2006,717809,"Total","30-34","15-64"
"673","34",2006,747997,"Total","30-34","15-64"
"674","35",2006,770690,"Total","35-39","15-64"
"675","36",2006,759374,"Total","35-39","15-64"
"676","37",2006,778327,"Total","35-39","15-64"
"677","38",2006,782627,"Total","35-39","15-64"
"678","39",2006,798367,"Total","35-39","15-64"
"679","40",2006,797231,"Total","40-44","15-64"
"680","41",2006,798951,"Total","40-44","15-64"
"681","42",2006,790172,"Total","40-44","15-64"
"682","43",2006,774066,"Total","40-44","15-64"
"683","44",2006,757409,"Total","40-44","15-64"
"684","45",2006,734966,"Total","45-49","15-64"
"685","46",2006,706645,"Total","45-49","15-64"
"686","47",2006,692441,"Total","45-49","15-64"
"687","48",2006,680085,"Total","45-49","15-64"
"688","49",2006,653741,"Total","45-49","15-64"
"689","50",2006,631231,"Total","50-54","15-64"
"690","51",2006,612050,"Total","50-54","15-64"
"691","52",2006,614887,"Total","50-54","15-64"
"692","53",2006,609201,"Total","50-54","15-64"
"693","54",2006,599663,"Total","50-54","15-64"
"694","55",2006,603791,"Total","55-59","15-64"
"695","56",2006,619350,"Total","55-59","15-64"
"696","57",2006,638471,"Total","55-59","15-64"
"697","58",2006,680486,"Total","55-59","15-64"
"698","59",2006,730216,"Total","55-59","15-64"
"699","60",2006,579584,"Total","60-64","15-64"
"700","61",2006,564852,"Total","60-64","15-64"
"701","62",2006,557605,"Total","60-64","15-64"
"702","63",2006,527075,"Total","60-64","15-64"
"703","64",2006,473187,"Total","60-64","15-64"
"704","65",2006,435523,"Total","65-69","65+"
"705","66",2006,455545,"Total","65-69","65+"
"706","67",2006,454725,"Total","65-69","65+"
"707","68",2006,447421,"Total","65-69","65+"
"708","69",2006,431829,"Total","65-69","65+"
"709","70",2006,416695,"Total","70-74","65+"
"710","71",2006,401431,"Total","70-74","65+"
"711","72",2006,380094,"Total","70-74","65+"
"712","73",2006,371897,"Total","70-74","65+"
"713","74",2006,369093,"Total","70-74","65+"
"714","75",2006,362127,"Total","75-79","65+"
"715","76",2006,346871,"Total","75-79","65+"
"716","77",2006,325777,"Total","75-79","65+"
"717","78",2006,305750,"Total","75-79","65+"
"718","79",2006,292676,"Total","75-79","65+"
"719","80",2006,277123,"Total","80-84","65+"
"720","81",2006,258574,"Total","80-84","65+"
"721","82",2006,241289,"Total","80-84","65+"
"722","83",2006,225329,"Total","80-84","65+"
"723","84",2006,214767,"Total","80-84","65+"
"724","85",2006,203169,"Total","85-89","65+"
"725","86",2006,176896,"Total","85-89","65+"
"726","87",2006,126393,"Total","85-89","65+"
"727","88",2006,90047,"Total","85-89","65+"
"728","89",2006,86262,"Total","85-89","65+"
"729",NA,2006,357177,"Total",NA,NA
"730","0",2007,642603,"Total","0-4","0-14"
"731","1",2007,625519,"Total","0-4","0-14"
"732","2",2007,606917,"Total","0-4","0-14"
"733","3",2007,596871,"Total","0-4","0-14"
"734","4",2007,577110,"Total","0-4","0-14"
"735","5",2007,563399,"Total","5-9","0-14"
"736","6",2007,571289,"Total","5-9","0-14"
"737","7",2007,586109,"Total","5-9","0-14"
"738","8",2007,603863,"Total","5-9","0-14"
"739","9",2007,612837,"Total","5-9","0-14"
"740","10",2007,629615,"Total","10-14","0-14"
"741","11",2007,627118,"Total","10-14","0-14"
"742","12",2007,626071,"Total","10-14","0-14"
"743","13",2007,642238,"Total","10-14","0-14"
"744","14",2007,642426,"Total","10-14","0-14"
"745","15",2007,661568,"Total","15-19","15-64"
"746","16",2007,676298,"Total","15-19","15-64"
"747","17",2007,660933,"Total","15-19","15-64"
"748","18",2007,659283,"Total","15-19","15-64"
"749","19",2007,674484,"Total","15-19","15-64"
"750","20",2007,661604,"Total","20-24","15-64"
"751","21",2007,676793,"Total","20-24","15-64"
"752","22",2007,696334,"Total","20-24","15-64"
"753","23",2007,689366,"Total","20-24","15-64"
"754","24",2007,695019,"Total","20-24","15-64"
"755","25",2007,694018,"Total","25-29","15-64"
"756","26",2007,711238,"Total","25-29","15-64"
"757","27",2007,716409,"Total","25-29","15-64"
"758","28",2007,688237,"Total","25-29","15-64"
"759","29",2007,649216,"Total","25-29","15-64"
"760","30",2007,640284,"Total","30-34","15-64"
"761","31",2007,654716,"Total","30-34","15-64"
"762","32",2007,670766,"Total","30-34","15-64"
"763","33",2007,684917,"Total","30-34","15-64"
"764","34",2007,718938,"Total","30-34","15-64"
"765","35",2007,751774,"Total","35-39","15-64"
"766","36",2007,774493,"Total","35-39","15-64"
"767","37",2007,762008,"Total","35-39","15-64"
"768","38",2007,780268,"Total","35-39","15-64"
"769","39",2007,783748,"Total","35-39","15-64"
"770","40",2007,798042,"Total","40-44","15-64"
"771","41",2007,797025,"Total","40-44","15-64"
"772","42",2007,798830,"Total","40-44","15-64"
"773","43",2007,790147,"Total","40-44","15-64"
"774","44",2007,773981,"Total","40-44","15-64"
"775","45",2007,755118,"Total","45-49","15-64"
"776","46",2007,732169,"Total","45-49","15-64"
"777","47",2007,704106,"Total","45-49","15-64"
"778","48",2007,689634,"Total","45-49","15-64"
"779","49",2007,676990,"Total","45-49","15-64"
"780","50",2007,651297,"Total","50-54","15-64"
"781","51",2007,628945,"Total","50-54","15-64"
"782","52",2007,609124,"Total","50-54","15-64"
"783","53",2007,612044,"Total","50-54","15-64"
"784","54",2007,606779,"Total","50-54","15-64"
"785","55",2007,596103,"Total","55-59","15-64"
"786","56",2007,600328,"Total","55-59","15-64"
"787","57",2007,615591,"Total","55-59","15-64"
"788","58",2007,634190,"Total","55-59","15-64"
"789","59",2007,674871,"Total","55-59","15-64"
"790","60",2007,724121,"Total","60-64","15-64"
"791","61",2007,571596,"Total","60-64","15-64"
"792","62",2007,557174,"Total","60-64","15-64"
"793","63",2007,551291,"Total","60-64","15-64"
"794","64",2007,519732,"Total","60-64","15-64"
"795","65",2007,466875,"Total","65-69","65+"
"796","66",2007,428632,"Total","65-69","65+"
"797","67",2007,448203,"Total","65-69","65+"
"798","68",2007,447360,"Total","65-69","65+"
"799","69",2007,439351,"Total","65-69","65+"
"800","70",2007,423642,"Total","70-74","65+"
"801","71",2007,408040,"Total","70-74","65+"
"802","72",2007,392557,"Total","70-74","65+"
"803","73",2007,370667,"Total","70-74","65+"
"804","74",2007,361340,"Total","70-74","65+"
"805","75",2007,357959,"Total","75-79","65+"
"806","76",2007,349623,"Total","75-79","65+"
"807","77",2007,333794,"Total","75-79","65+"
"808","78",2007,311924,"Total","75-79","65+"
"809","79",2007,291377,"Total","75-79","65+"
"810","80",2007,277006,"Total","80-84","65+"
"811","81",2007,260900,"Total","80-84","65+"
"812","82",2007,241628,"Total","80-84","65+"
"813","83",2007,224069,"Total","80-84","65+"
"814","84",2007,207387,"Total","80-84","65+"
"815","85",2007,195727,"Total","85-89","65+"
"816","86",2007,182561,"Total","85-89","65+"
"817","87",2007,156093,"Total","85-89","65+"
"818","88",2007,113191,"Total","85-89","65+"
"819","89",2007,77687,"Total","85-89","65+"
"820",NA,2007,357575,"Total",NA,NA
"821","0",2008,667840,"Total","0-4","0-14"
"822","1",2008,642968,"Total","0-4","0-14"
"823","2",2008,628030,"Total","0-4","0-14"
"824","3",2008,607109,"Total","0-4","0-14"
"825","4",2008,596758,"Total","0-4","0-14"
"826","5",2008,577429,"Total","5-9","0-14"
"827","6",2008,564338,"Total","5-9","0-14"
"828","7",2008,574056,"Total","5-9","0-14"
"829","8",2008,589158,"Total","5-9","0-14"
"830","9",2008,607073,"Total","5-9","0-14"
"831","10",2008,615251,"Total","10-14","0-14"
"832","11",2008,632265,"Total","10-14","0-14"
"833","12",2008,629903,"Total","10-14","0-14"
"834","13",2008,628463,"Total","10-14","0-14"
"835","14",2008,644860,"Total","10-14","0-14"
"836","15",2008,647366,"Total","15-19","15-64"
"837","16",2008,667013,"Total","15-19","15-64"
"838","17",2008,682497,"Total","15-19","15-64"
"839","18",2008,669058,"Total","15-19","15-64"
"840","19",2008,671235,"Total","15-19","15-64"
"841","20",2008,682677,"Total","20-24","15-64"
"842","21",2008,673354,"Total","20-24","15-64"
"843","22",2008,692690,"Total","20-24","15-64"
"844","23",2008,711948,"Total","20-24","15-64"
"845","24",2008,704736,"Total","20-24","15-64"
"846","25",2008,706740,"Total","25-29","15-64"
"847","26",2008,706571,"Total","25-29","15-64"
"848","27",2008,722727,"Total","25-29","15-64"
"849","28",2008,728572,"Total","25-29","15-64"
"850","29",2008,699436,"Total","25-29","15-64"
"851","30",2008,658120,"Total","30-34","15-64"
"852","31",2008,647908,"Total","30-34","15-64"
"853","32",2008,661884,"Total","30-34","15-64"
"854","33",2008,676727,"Total","30-34","15-64"
"855","34",2008,690266,"Total","30-34","15-64"
"856","35",2008,721128,"Total","35-39","15-64"
"857","36",2008,753134,"Total","35-39","15-64"
"858","37",2008,776715,"Total","35-39","15-64"
"859","38",2008,762872,"Total","35-39","15-64"
"860","39",2008,780683,"Total","35-39","15-64"
"861","40",2008,781558,"Total","40-44","15-64"
"862","41",2008,795176,"Total","40-44","15-64"
"863","42",2008,794225,"Total","40-44","15-64"
"864","43",2008,796317,"Total","40-44","15-64"
"865","44",2008,788196,"Total","40-44","15-64"
"866","45",2008,772995,"Total","45-49","15-64"
"867","46",2008,754697,"Total","45-49","15-64"
"868","47",2008,731051,"Total","45-49","15-64"
"869","48",2008,703178,"Total","45-49","15-64"
"870","49",2008,688599,"Total","45-49","15-64"
"871","50",2008,675850,"Total","50-54","15-64"
"872","51",2008,650546,"Total","50-54","15-64"
"873","52",2008,628438,"Total","50-54","15-64"
"874","53",2008,607793,"Total","50-54","15-64"
"875","54",2008,610722,"Total","50-54","15-64"
"876","55",2008,603081,"Total","55-59","15-64"
"877","56",2008,591226,"Total","55-59","15-64"
"878","57",2008,595777,"Total","55-59","15-64"
"879","58",2008,610853,"Total","55-59","15-64"
"880","59",2008,628757,"Total","55-59","15-64"
"881","60",2008,669571,"Total","60-64","15-64"
"882","61",2008,720854,"Total","60-64","15-64"
"883","62",2008,566122,"Total","60-64","15-64"
"884","63",2008,551714,"Total","60-64","15-64"
"885","64",2008,547018,"Total","60-64","15-64"
"886","65",2008,514758,"Total","65-69","65+"
"887","66",2008,461965,"Total","65-69","65+"
"888","67",2008,422664,"Total","65-69","65+"
"889","68",2008,441885,"Total","65-69","65+"
"890","69",2008,440593,"Total","65-69","65+"
"891","70",2008,431893,"Total","70-74","65+"
"892","71",2008,415560,"Total","70-74","65+"
"893","72",2008,399592,"Total","70-74","65+"
"894","73",2008,383708,"Total","70-74","65+"
"895","74",2008,361230,"Total","70-74","65+"
"896","75",2008,350622,"Total","75-79","65+"
"897","76",2008,346458,"Total","75-79","65+"
"898","77",2008,336963,"Total","75-79","65+"
"899","78",2008,320317,"Total","75-79","65+"
"900","79",2008,297842,"Total","75-79","65+"
"901","80",2008,276465,"Total","80-84","65+"
"902","81",2008,260970,"Total","80-84","65+"
"903","82",2008,243979,"Total","80-84","65+"
"904","83",2008,224452,"Total","80-84","65+"
"905","84",2008,206451,"Total","80-84","65+"
"906","85",2008,189325,"Total","85-89","65+"
"907","86",2008,176676,"Total","85-89","65+"
"908","87",2008,162598,"Total","85-89","65+"
"909","88",2008,135494,"Total","85-89","65+"
"910","89",2008,100172,"Total","85-89","65+"
"911",NA,2008,347349,"Total",NA,NA
"912","0",2009,662806,"Total","0-4","0-14"
"913","1",2009,667271,"Total","0-4","0-14"
"914","2",2009,643986,"Total","0-4","0-14"
"915","3",2009,630621,"Total","0-4","0-14"
"916","4",2009,607221,"Total","0-4","0-14"
"917","5",2009,597452,"Total","5-9","0-14"
"918","6",2009,578513,"Total","5-9","0-14"
"919","7",2009,566002,"Total","5-9","0-14"
"920","8",2009,577340,"Total","5-9","0-14"
"921","9",2009,592465,"Total","5-9","0-14"
"922","10",2009,610274,"Total","10-14","0-14"
"923","11",2009,618336,"Total","10-14","0-14"
"924","12",2009,635554,"Total","10-14","0-14"
"925","13",2009,633426,"Total","10-14","0-14"
"926","14",2009,631249,"Total","10-14","0-14"
"927","15",2009,651381,"Total","15-19","15-64"
"928","16",2009,653819,"Total","15-19","15-64"
"929","17",2009,673880,"Total","15-19","15-64"
"930","18",2009,693106,"Total","15-19","15-64"
"931","19",2009,682829,"Total","15-19","15-64"
"932","20",2009,675117,"Total","20-24","15-64"
"933","21",2009,689349,"Total","20-24","15-64"
"934","22",2009,680751,"Total","20-24","15-64"
"935","23",2009,700960,"Total","20-24","15-64"
"936","24",2009,719890,"Total","20-24","15-64"
"937","25",2009,707422,"Total","25-29","15-64"
"938","26",2009,712010,"Total","25-29","15-64"
"939","27",2009,712828,"Total","25-29","15-64"
"940","28",2009,728405,"Total","25-29","15-64"
"941","29",2009,735033,"Total","25-29","15-64"
"942","30",2009,706521,"Total","30-34","15-64"
"943","31",2009,662684,"Total","30-34","15-64"
"944","32",2009,652679,"Total","30-34","15-64"
"945","33",2009,666024,"Total","30-34","15-64"
"946","34",2009,680264,"Total","30-34","15-64"
"947","35",2009,692103,"Total","35-39","15-64"
"948","36",2009,722633,"Total","35-39","15-64"
"949","37",2009,754152,"Total","35-39","15-64"
"950","38",2009,778379,"Total","35-39","15-64"
"951","39",2009,762999,"Total","35-39","15-64"
"952","40",2009,781846,"Total","40-44","15-64"
"953","41",2009,781924,"Total","40-44","15-64"
"954","42",2009,794641,"Total","40-44","15-64"
"955","43",2009,793740,"Total","40-44","15-64"
"956","44",2009,795865,"Total","40-44","15-64"
"957","45",2009,787620,"Total","45-49","15-64"
"958","46",2009,772191,"Total","45-49","15-64"
"959","47",2009,754557,"Total","45-49","15-64"
"960","48",2009,730132,"Total","45-49","15-64"
"961","49",2009,702356,"Total","45-49","15-64"
"962","50",2009,687234,"Total","50-54","15-64"
"963","51",2009,673930,"Total","50-54","15-64"
"964","52",2009,648682,"Total","50-54","15-64"
"965","53",2009,626960,"Total","50-54","15-64"
"966","54",2009,605507,"Total","50-54","15-64"
"967","55",2009,608658,"Total","55-59","15-64"
"968","56",2009,601154,"Total","55-59","15-64"
"969","57",2009,588229,"Total","55-59","15-64"
"970","58",2009,592936,"Total","55-59","15-64"
"971","59",2009,607393,"Total","55-59","15-64"
"972","60",2009,624614,"Total","60-64","15-64"
"973","61",2009,664134,"Total","60-64","15-64"
"974","62",2009,717487,"Total","60-64","15-64"
"975","63",2009,560648,"Total","60-64","15-64"
"976","64",2009,545922,"Total","60-64","15-64"
"977","65",2009,542642,"Total","65-69","65+"
"978","66",2009,509094,"Total","65-69","65+"
"979","67",2009,456511,"Total","65-69","65+"
"980","68",2009,416018,"Total","65-69","65+"
"981","69",2009,434993,"Total","65-69","65+"
"982","70",2009,433226,"Total","70-74","65+"
"983","71",2009,423966,"Total","70-74","65+"
"984","72",2009,406875,"Total","70-74","65+"
"985","73",2009,390342,"Total","70-74","65+"
"986","74",2009,374108,"Total","70-74","65+"
"987","75",2009,351142,"Total","75-79","65+"
"988","76",2009,339242,"Total","75-79","65+"
"989","77",2009,334297,"Total","75-79","65+"
"990","78",2009,323746,"Total","75-79","65+"
"991","79",2009,306159,"Total","75-79","65+"
"992","80",2009,282925,"Total","80-84","65+"
"993","81",2009,260739,"Total","80-84","65+"
"994","82",2009,244427,"Total","80-84","65+"
"995","83",2009,227204,"Total","80-84","65+"
"996","84",2009,206894,"Total","80-84","65+"
"997","85",2009,188533,"Total","85-89","65+"
"998","86",2009,171171,"Total","85-89","65+"
"999","87",2009,157676,"Total","85-89","65+"
"1000","88",2009,142549,"Total","85-89","65+"
"1001","89",2009,115690,"Total","85-89","65+"
"1002",NA,2009,360118,"Total",NA,NA
"1003","0",2010,672051,"Total","0-4","0-14"
"1004","1",2010,661491,"Total","0-4","0-14"
"1005","2",2010,667806,"Total","0-4","0-14"
"1006","3",2010,645584,"Total","0-4","0-14"
"1007","4",2010,633562,"Total","0-4","0-14"
"1008","5",2010,608246,"Total","5-9","0-14"
"1009","6",2010,598113,"Total","5-9","0-14"
"1010","7",2010,579655,"Total","5-9","0-14"
"1011","8",2010,567722,"Total","5-9","0-14"
"1012","9",2010,580615,"Total","5-9","0-14"
"1013","10",2010,596097,"Total","10-14","0-14"
"1014","11",2010,614236,"Total","10-14","0-14"
"1015","12",2010,622005,"Total","10-14","0-14"
"1016","13",2010,639481,"Total","10-14","0-14"
"1017","14",2010,637420,"Total","10-14","0-14"
"1018","15",2010,636708,"Total","15-19","15-64"
"1019","16",2010,658326,"Total","15-19","15-64"
"1020","17",2010,660308,"Total","15-19","15-64"
"1021","18",2010,682632,"Total","15-19","15-64"
"1022","19",2010,705157,"Total","15-19","15-64"
"1023","20",2010,695081,"Total","20-24","15-64"
"1024","21",2010,691930,"Total","20-24","15-64"
"1025","22",2010,709439,"Total","20-24","15-64"
"1026","23",2010,699184,"Total","20-24","15-64"
"1027","24",2010,719904,"Total","20-24","15-64"
"1028","25",2010,727356,"Total","25-29","15-64"
"1029","26",2010,714706,"Total","25-29","15-64"
"1030","27",2010,721095,"Total","25-29","15-64"
"1031","28",2010,723034,"Total","25-29","15-64"
"1032","29",2010,737413,"Total","25-29","15-64"
"1033","30",2010,739813,"Total","30-34","15-64"
"1034","31",2010,710894,"Total","30-34","15-64"
"1035","32",2010,665180,"Total","30-34","15-64"
"1036","33",2010,654907,"Total","30-34","15-64"
"1037","34",2010,668279,"Total","30-34","15-64"
"1038","35",2010,681595,"Total","35-39","15-64"
"1039","36",2010,693230,"Total","35-39","15-64"
"1040","37",2010,723461,"Total","35-39","15-64"
"1041","38",2010,754304,"Total","35-39","15-64"
"1042","39",2010,779278,"Total","35-39","15-64"
"1043","40",2010,761581,"Total","40-44","15-64"
"1044","41",2010,780107,"Total","40-44","15-64"
"1045","42",2010,779771,"Total","40-44","15-64"
"1046","43",2010,791841,"Total","40-44","15-64"
"1047","44",2010,791139,"Total","40-44","15-64"
"1048","45",2010,794889,"Total","45-49","15-64"
"1049","46",2010,787069,"Total","45-49","15-64"
"1050","47",2010,771413,"Total","45-49","15-64"
"1051","48",2010,754346,"Total","45-49","15-64"
"1052","49",2010,729121,"Total","45-49","15-64"
"1053","50",2010,700214,"Total","50-54","15-64"
"1054","51",2010,684929,"Total","50-54","15-64"
"1055","52",2010,670745,"Total","50-54","15-64"
"1056","53",2010,645874,"Total","50-54","15-64"
"1057","54",2010,624274,"Total","50-54","15-64"
"1058","55",2010,603185,"Total","55-59","15-64"
"1059","56",2010,606033,"Total","55-59","15-64"
"1060","57",2010,598956,"Total","55-59","15-64"
"1061","58",2010,584766,"Total","55-59","15-64"
"1062","59",2010,589740,"Total","55-59","15-64"
"1063","60",2010,603719,"Total","60-64","15-64"
"1064","61",2010,620421,"Total","60-64","15-64"
"1065","62",2010,658433,"Total","60-64","15-64"
"1066","63",2010,713933,"Total","60-64","15-64"
"1067","64",2010,555040,"Total","60-64","15-64"
"1068","65",2010,540459,"Total","65-69","65+"
"1069","66",2010,538283,"Total","65-69","65+"
"1070","67",2010,503365,"Total","65-69","65+"
"1071","68",2010,451108,"Total","65-69","65+"
"1072","69",2010,409360,"Total","65-69","65+"
"1073","70",2010,427710,"Total","70-74","65+"
"1074","71",2010,425685,"Total","70-74","65+"
"1075","72",2010,415802,"Total","70-74","65+"
"1076","73",2010,397929,"Total","70-74","65+"
"1077","74",2010,380763,"Total","70-74","65+"
"1078","75",2010,364343,"Total","75-79","65+"
"1079","76",2010,340677,"Total","75-79","65+"
"1080","77",2010,327501,"Total","75-79","65+"
"1081","78",2010,322052,"Total","75-79","65+"
"1082","79",2010,310175,"Total","75-79","65+"
"1083","80",2010,291867,"Total","80-84","65+"
"1084","81",2010,267769,"Total","80-84","65+"
"1085","82",2010,245377,"Total","80-84","65+"
"1086","83",2010,227987,"Total","80-84","65+"
"1087","84",2010,210353,"Total","80-84","65+"
"1088","85",2010,189767,"Total","85-89","65+"
"1089","86",2010,171355,"Total","85-89","65+"
"1090","87",2010,153741,"Total","85-89","65+"
"1091","88",2010,139940,"Total","85-89","65+"
"1092","89",2010,123979,"Total","85-89","65+"
"1093",NA,2010,386268,"Total",NA,NA
"1094","0",2011,679102,"Total","0-4","0-14"
"1095","1",2011,669858,"Total","0-4","0-14"
"1096","2",2011,661891,"Total","0-4","0-14"
"1097","3",2011,669484,"Total","0-4","0-14"
"1098","4",2011,648411,"Total","0-4","0-14"
"1099","5",2011,635925,"Total","5-9","0-14"
"1100","6",2011,608280,"Total","5-9","0-14"
"1101","7",2011,597679,"Total","5-9","0-14"
"1102","8",2011,579791,"Total","5-9","0-14"
"1103","9",2011,568460,"Total","5-9","0-14"
"1104","10",2011,583192,"Total","10-14","0-14"
"1105","11",2011,599021,"Total","10-14","0-14"
"1106","12",2011,617326,"Total","10-14","0-14"
"1107","13",2011,625128,"Total","10-14","0-14"
"1108","14",2011,642744,"Total","10-14","0-14"
"1109","15",2011,643838,"Total","15-19","15-64"
"1110","16",2011,643625,"Total","15-19","15-64"
"1111","17",2011,666996,"Total","15-19","15-64"
"1112","18",2011,671694,"Total","15-19","15-64"
"1113","19",2011,698117,"Total","15-19","15-64"
"1114","20",2011,719878,"Total","20-24","15-64"
"1115","21",2011,713864,"Total","20-24","15-64"
"1116","22",2011,714692,"Total","20-24","15-64"
"1117","23",2011,730305,"Total","20-24","15-64"
"1118","24",2011,717522,"Total","20-24","15-64"
"1119","25",2011,730255,"Total","25-29","15-64"
"1120","26",2011,736817,"Total","25-29","15-64"
"1121","27",2011,723383,"Total","25-29","15-64"
"1122","28",2011,732154,"Total","25-29","15-64"
"1123","29",2011,734618,"Total","25-29","15-64"
"1124","30",2011,741904,"Total","30-34","15-64"
"1125","31",2011,745069,"Total","30-34","15-64"
"1126","32",2011,716022,"Total","30-34","15-64"
"1127","33",2011,668117,"Total","30-34","15-64"
"1128","34",2011,658038,"Total","30-34","15-64"
"1129","35",2011,668977,"Total","35-39","15-64"
"1130","36",2011,682056,"Total","35-39","15-64"
"1131","37",2011,693562,"Total","35-39","15-64"
"1132","38",2011,723729,"Total","35-39","15-64"
"1133","39",2011,754048,"Total","35-39","15-64"
"1134","40",2011,778527,"Total","40-44","15-64"
"1135","41",2011,759492,"Total","40-44","15-64"
"1136","42",2011,777911,"Total","40-44","15-64"
"1137","43",2011,777050,"Total","40-44","15-64"
"1138","44",2011,788503,"Total","40-44","15-64"
"1139","45",2011,789225,"Total","45-49","15-64"
"1140","46",2011,793306,"Total","45-49","15-64"
"1141","47",2011,786015,"Total","45-49","15-64"
"1142","48",2011,770056,"Total","45-49","15-64"
"1143","49",2011,753474,"Total","45-49","15-64"
"1144","50",2011,727736,"Total","50-54","15-64"
"1145","51",2011,698861,"Total","50-54","15-64"
"1146","52",2011,683438,"Total","50-54","15-64"
"1147","53",2011,668589,"Total","50-54","15-64"
"1148","54",2011,643955,"Total","50-54","15-64"
"1149","55",2011,622322,"Total","55-59","15-64"
"1150","56",2011,600440,"Total","55-59","15-64"
"1151","57",2011,603239,"Total","55-59","15-64"
"1152","58",2011,596488,"Total","55-59","15-64"
"1153","59",2011,581012,"Total","55-59","15-64"
"1154","60",2011,585854,"Total","60-64","15-64"
"1155","61",2011,599145,"Total","60-64","15-64"
"1156","62",2011,615642,"Total","60-64","15-64"
"1157","63",2011,652004,"Total","60-64","15-64"
"1158","64",2011,709646,"Total","60-64","15-64"
"1159","65",2011,548640,"Total","65-69","65+"
"1160","66",2011,533894,"Total","65-69","65+"
"1161","67",2011,533167,"Total","65-69","65+"
"1162","68",2011,497039,"Total","65-69","65+"
"1163","69",2011,444880,"Total","65-69","65+"
"1164","70",2011,401964,"Total","70-74","65+"
"1165","71",2011,419739,"Total","70-74","65+"
"1166","72",2011,417439,"Total","70-74","65+"
"1167","73",2011,406955,"Total","70-74","65+"
"1168","74",2011,388454,"Total","70-74","65+"
"1169","75",2011,370663,"Total","75-79","65+"
"1170","76",2011,353894,"Total","75-79","65+"
"1171","77",2011,329623,"Total","75-79","65+"
"1172","78",2011,315300,"Total","75-79","65+"
"1173","79",2011,308851,"Total","75-79","65+"
"1174","80",2011,295917,"Total","80-84","65+"
"1175","81",2011,277110,"Total","80-84","65+"
"1176","82",2011,252303,"Total","80-84","65+"
"1177","83",2011,229424,"Total","80-84","65+"
"1178","84",2011,211093,"Total","80-84","65+"
"1179","85",2011,193088,"Total","85-89","65+"
"1180","86",2011,172522,"Total","85-89","65+"
"1181","87",2011,154122,"Total","85-89","65+"
"1182","88",2011,136775,"Total","85-89","65+"
"1183","89",2011,122397,"Total","85-89","65+"
"1184",NA,2011,414414,"Total",NA,NA
"1185","0",2012,696441,"Total","0-4","0-14"
"1186","1",2012,684026,"Total","0-4","0-14"
"1187","2",2012,674386,"Total","0-4","0-14"
"1188","3",2012,665744,"Total","0-4","0-14"
"1189","4",2012,672759,"Total","0-4","0-14"
"1190","5",2012,651473,"Total","5-9","0-14"
"1191","6",2012,638419,"Total","5-9","0-14"
"1192","7",2012,610955,"Total","5-9","0-14"
"1193","8",2012,600238,"Total","5-9","0-14"
"1194","9",2012,582497,"Total","5-9","0-14"
"1195","10",2012,571373,"Total","10-14","0-14"
"1196","11",2012,586219,"Total","10-14","0-14"
"1197","12",2012,601871,"Total","10-14","0-14"
"1198","13",2012,620278,"Total","10-14","0-14"
"1199","14",2012,628130,"Total","10-14","0-14"
"1200","15",2012,645417,"Total","15-19","15-64"
"1201","16",2012,646317,"Total","15-19","15-64"
"1202","17",2012,646767,"Total","15-19","15-64"
"1203","18",2012,670895,"Total","15-19","15-64"
"1204","19",2012,676910,"Total","15-19","15-64"
"1205","20",2012,705163,"Total","20-24","15-64"
"1206","21",2012,728804,"Total","20-24","15-64"
"1207","22",2012,725244,"Total","20-24","15-64"
"1208","23",2012,725112,"Total","20-24","15-64"
"1209","24",2012,737228,"Total","20-24","15-64"
"1210","25",2012,723675,"Total","25-29","15-64"
"1211","26",2012,734767,"Total","25-29","15-64"
"1212","27",2012,740472,"Total","25-29","15-64"
"1213","28",2012,726009,"Total","25-29","15-64"
"1214","29",2012,734654,"Total","25-29","15-64"
"1215","30",2012,735633,"Total","30-34","15-64"
"1216","31",2012,742920,"Total","30-34","15-64"
"1217","32",2012,745426,"Total","30-34","15-64"
"1218","33",2012,715532,"Total","30-34","15-64"
"1219","34",2012,667706,"Total","30-34","15-64"
"1220","35",2012,657268,"Total","35-39","15-64"
"1221","36",2012,668419,"Total","35-39","15-64"
"1222","37",2012,681331,"Total","35-39","15-64"
"1223","38",2012,693126,"Total","35-39","15-64"
"1224","39",2012,723209,"Total","35-39","15-64"
"1225","40",2012,753237,"Total","40-44","15-64"
"1226","41",2012,777487,"Total","40-44","15-64"
"1227","42",2012,759000,"Total","40-44","15-64"
"1228","43",2012,776811,"Total","40-44","15-64"
"1229","44",2012,776181,"Total","40-44","15-64"
"1230","45",2012,787707,"Total","45-49","15-64"
"1231","46",2012,788277,"Total","45-49","15-64"
"1232","47",2012,792104,"Total","45-49","15-64"
"1233","48",2012,784876,"Total","45-49","15-64"
"1234","49",2012,768644,"Total","45-49","15-64"
"1235","50",2012,752093,"Total","50-54","15-64"
"1236","51",2012,726090,"Total","50-54","15-64"
"1237","52",2012,697011,"Total","50-54","15-64"
"1238","53",2012,681684,"Total","50-54","15-64"
"1239","54",2012,666643,"Total","50-54","15-64"
"1240","55",2012,642045,"Total","55-59","15-64"
"1241","56",2012,620038,"Total","55-59","15-64"
"1242","57",2012,598032,"Total","55-59","15-64"
"1243","58",2012,600224,"Total","55-59","15-64"
"1244","59",2012,593330,"Total","55-59","15-64"
"1245","60",2012,577472,"Total","60-64","15-64"
"1246","61",2012,582109,"Total","60-64","15-64"
"1247","62",2012,595184,"Total","60-64","15-64"
"1248","63",2012,611352,"Total","60-64","15-64"
"1249","64",2012,646777,"Total","60-64","15-64"
"1250","65",2012,703319,"Total","65-69","65+"
"1251","66",2012,543322,"Total","65-69","65+"
"1252","67",2012,528218,"Total","65-69","65+"
"1253","68",2012,526877,"Total","65-69","65+"
"1254","69",2012,490321,"Total","65-69","65+"
"1255","70",2012,438272,"Total","70-74","65+"
"1256","71",2012,395063,"Total","70-74","65+"
"1257","72",2012,411871,"Total","70-74","65+"
"1258","73",2012,408958,"Total","70-74","65+"
"1259","74",2012,398269,"Total","70-74","65+"
"1260","75",2012,378905,"Total","75-79","65+"
"1261","76",2012,360580,"Total","75-79","65+"
"1262","77",2012,343085,"Total","75-79","65+"
"1263","78",2012,318237,"Total","75-79","65+"
"1264","79",2012,303283,"Total","75-79","65+"
"1265","80",2012,295355,"Total","80-84","65+"
"1266","81",2012,281244,"Total","80-84","65+"
"1267","82",2012,261569,"Total","80-84","65+"
"1268","83",2012,236408,"Total","80-84","65+"
"1269","84",2012,212846,"Total","80-84","65+"
"1270","85",2012,194386,"Total","85-89","65+"
"1271","86",2012,175771,"Total","85-89","65+"
"1272","87",2012,155360,"Total","85-89","65+"
"1273","88",2012,137232,"Total","85-89","65+"
"1274","89",2012,119676,"Total","85-89","65+"
"1275",NA,2012,438081,"Total",NA,NA
"1276","0",2013,676531,"Total","0-4","0-14"
"1277","1",2013,701281,"Total","0-4","0-14"
"1278","2",2013,688777,"Total","0-4","0-14"
"1279","3",2013,678113,"Total","0-4","0-14"
"1280","4",2013,669428,"Total","0-4","0-14"
"1281","5",2013,676035,"Total","5-9","0-14"
"1282","6",2013,654334,"Total","5-9","0-14"
"1283","7",2013,641065,"Total","5-9","0-14"
"1284","8",2013,613614,"Total","5-9","0-14"
"1285","9",2013,602871,"Total","5-9","0-14"
"1286","10",2013,585128,"Total","10-14","0-14"
"1287","11",2013,574278,"Total","10-14","0-14"
"1288","12",2013,589178,"Total","10-14","0-14"
"1289","13",2013,604563,"Total","10-14","0-14"
"1290","14",2013,623246,"Total","10-14","0-14"
"1291","15",2013,630796,"Total","15-19","15-64"
"1292","16",2013,647865,"Total","15-19","15-64"
"1293","17",2013,649348,"Total","15-19","15-64"
"1294","18",2013,650210,"Total","15-19","15-64"
"1295","19",2013,676533,"Total","15-19","15-64"
"1296","20",2013,685020,"Total","20-24","15-64"
"1297","21",2013,712611,"Total","20-24","15-64"
"1298","22",2013,738885,"Total","20-24","15-64"
"1299","23",2013,735438,"Total","20-24","15-64"
"1300","24",2013,731784,"Total","20-24","15-64"
"1301","25",2013,743135,"Total","25-29","15-64"
"1302","26",2013,729067,"Total","25-29","15-64"
"1303","27",2013,739435,"Total","25-29","15-64"
"1304","28",2013,743968,"Total","25-29","15-64"
"1305","29",2013,729727,"Total","25-29","15-64"
"1306","30",2013,737246,"Total","30-34","15-64"
"1307","31",2013,737807,"Total","30-34","15-64"
"1308","32",2013,744529,"Total","30-34","15-64"
"1309","33",2013,746160,"Total","30-34","15-64"
"1310","34",2013,716283,"Total","30-34","15-64"
"1311","35",2013,667971,"Total","35-39","15-64"
"1312","36",2013,657506,"Total","35-39","15-64"
"1313","37",2013,668412,"Total","35-39","15-64"
"1314","38",2013,681869,"Total","35-39","15-64"
"1315","39",2013,693416,"Total","35-39","15-64"
"1316","40",2013,723557,"Total","40-44","15-64"
"1317","41",2013,753328,"Total","40-44","15-64"
"1318","42",2013,777647,"Total","40-44","15-64"
"1319","43",2013,758751,"Total","40-44","15-64"
"1320","44",2013,776610,"Total","40-44","15-64"
"1321","45",2013,775854,"Total","45-49","15-64"
"1322","46",2013,787082,"Total","45-49","15-64"
"1323","47",2013,787762,"Total","45-49","15-64"
"1324","48",2013,791234,"Total","45-49","15-64"
"1325","49",2013,783842,"Total","45-49","15-64"
"1326","50",2013,767490,"Total","50-54","15-64"
"1327","51",2013,750609,"Total","50-54","15-64"
"1328","52",2013,724408,"Total","50-54","15-64"
"1329","53",2013,695250,"Total","50-54","15-64"
"1330","54",2013,679756,"Total","50-54","15-64"
"1331","55",2013,664642,"Total","55-59","15-64"
"1332","56",2013,639761,"Total","55-59","15-64"
"1333","57",2013,617562,"Total","55-59","15-64"
"1334","58",2013,595109,"Total","55-59","15-64"
"1335","59",2013,597150,"Total","55-59","15-64"
"1336","60",2013,589930,"Total","60-64","15-64"
"1337","61",2013,573886,"Total","60-64","15-64"
"1338","62",2013,578185,"Total","60-64","15-64"
"1339","63",2013,591007,"Total","60-64","15-64"
"1340","64",2013,606763,"Total","60-64","15-64"
"1341","65",2013,641210,"Total","65-69","65+"
"1342","66",2013,696729,"Total","65-69","65+"
"1343","67",2013,537844,"Total","65-69","65+"
"1344","68",2013,521990,"Total","65-69","65+"
"1345","69",2013,520026,"Total","65-69","65+"
"1346","70",2013,483169,"Total","70-74","65+"
"1347","71",2013,431292,"Total","70-74","65+"
"1348","72",2013,387792,"Total","70-74","65+"
"1349","73",2013,403415,"Total","70-74","65+"
"1350","74",2013,400106,"Total","70-74","65+"
"1351","75",2013,388543,"Total","75-79","65+"
"1352","76",2013,368394,"Total","75-79","65+"
"1353","77",2013,349506,"Total","75-79","65+"
"1354","78",2013,331226,"Total","75-79","65+"
"1355","79",2013,305805,"Total","75-79","65+"
"1356","80",2013,289971,"Total","80-84","65+"
"1357","81",2013,280858,"Total","80-84","65+"
"1358","82",2013,265171,"Total","80-84","65+"
"1359","83",2013,245045,"Total","80-84","65+"
"1360","84",2013,219220,"Total","80-84","65+"
"1361","85",2013,195323,"Total","85-89","65+"
"1362","86",2013,176725,"Total","85-89","65+"
"1363","87",2013,157983,"Total","85-89","65+"
"1364","88",2013,137840,"Total","85-89","65+"
"1365","89",2013,119583,"Total","85-89","65+"
"1366",NA,2013,450413,"Total",NA,NA
"1367","0",2014,664183,"Total","0-4","0-14"
"1368","1",2014,682703,"Total","0-4","0-14"
"1369","2",2014,707024,"Total","0-4","0-14"
"1370","3",2014,694107,"Total","0-4","0-14"
"1371","4",2014,682940,"Total","0-4","0-14"
"1372","5",2014,673956,"Total","5-9","0-14"
"1373","6",2014,679645,"Total","5-9","0-14"
"1374","7",2014,657784,"Total","5-9","0-14"
"1375","8",2014,644277,"Total","5-9","0-14"
"1376","9",2014,616703,"Total","5-9","0-14"
"1377","10",2014,605945,"Total","10-14","0-14"
"1378","11",2014,588343,"Total","10-14","0-14"
"1379","12",2014,577811,"Total","10-14","0-14"
"1380","13",2014,592716,"Total","10-14","0-14"
"1381","14",2014,608240,"Total","10-14","0-14"
"1382","15",2014,627179,"Total","15-19","15-64"
"1383","16",2014,634876,"Total","15-19","15-64"
"1384","17",2014,653269,"Total","15-19","15-64"
"1385","18",2014,655753,"Total","15-19","15-64"
"1386","19",2014,659877,"Total","15-19","15-64"
"1387","20",2014,688589,"Total","20-24","15-64"
"1388","21",2014,696363,"Total","20-24","15-64"
"1389","22",2014,725657,"Total","20-24","15-64"
"1390","23",2014,751543,"Total","20-24","15-64"
"1391","24",2014,744265,"Total","20-24","15-64"
"1392","25",2014,739681,"Total","25-29","15-64"
"1393","26",2014,750246,"Total","25-29","15-64"
"1394","27",2014,734985,"Total","25-29","15-64"
"1395","28",2014,744417,"Total","25-29","15-64"
"1396","29",2014,749053,"Total","25-29","15-64"
"1397","30",2014,733085,"Total","30-34","15-64"
"1398","31",2014,740124,"Total","30-34","15-64"
"1399","32",2014,739988,"Total","30-34","15-64"
"1400","33",2014,746297,"Total","30-34","15-64"
"1401","34",2014,747715,"Total","30-34","15-64"
"1402","35",2014,717222,"Total","35-39","15-64"
"1403","36",2014,668867,"Total","35-39","15-64"
"1404","37",2014,658257,"Total","35-39","15-64"
"1405","38",2014,669407,"Total","35-39","15-64"
"1406","39",2014,682251,"Total","35-39","15-64"
"1407","40",2014,693835,"Total","40-44","15-64"
"1408","41",2014,723529,"Total","40-44","15-64"
"1409","42",2014,753580,"Total","40-44","15-64"
"1410","43",2014,777644,"Total","40-44","15-64"
"1411","44",2014,758816,"Total","40-44","15-64"
"1412","45",2014,776700,"Total","45-49","15-64"
"1413","46",2014,775852,"Total","45-49","15-64"
"1414","47",2014,787049,"Total","45-49","15-64"
"1415","48",2014,787545,"Total","45-49","15-64"
"1416","49",2014,791217,"Total","45-49","15-64"
"1417","50",2014,783475,"Total","50-54","15-64"
"1418","51",2014,766662,"Total","50-54","15-64"
"1419","52",2014,749793,"Total","50-54","15-64"
"1420","53",2014,723407,"Total","50-54","15-64"
"1421","54",2014,693951,"Total","50-54","15-64"
"1422","55",2014,678012,"Total","55-59","15-64"
"1423","56",2014,662868,"Total","55-59","15-64"
"1424","57",2014,637850,"Total","55-59","15-64"
"1425","58",2014,615181,"Total","55-59","15-64"
"1426","59",2014,592670,"Total","55-59","15-64"
"1427","60",2014,594213,"Total","60-64","15-64"
"1428","61",2014,586924,"Total","60-64","15-64"
"1429","62",2014,570678,"Total","60-64","15-64"
"1430","63",2014,574970,"Total","60-64","15-64"
"1431","64",2014,587146,"Total","60-64","15-64"
"1432","65",2014,601943,"Total","65-69","65+"
"1433","66",2014,635751,"Total","65-69","65+"
"1434","67",2014,690209,"Total","65-69","65+"
"1435","68",2014,531985,"Total","65-69","65+"
"1436","69",2014,515573,"Total","65-69","65+"
"1437","70",2014,512750,"Total","70-74","65+"
"1438","71",2014,475767,"Total","70-74","65+"
"1439","72",2014,423577,"Total","70-74","65+"
"1440","73",2014,380351,"Total","70-74","65+"
"1441","74",2014,394967,"Total","70-74","65+"
"1442","75",2014,390814,"Total","75-79","65+"
"1443","76",2014,378656,"Total","75-79","65+"
"1444","77",2014,357814,"Total","75-79","65+"
"1445","78",2014,338316,"Total","75-79","65+"
"1446","79",2014,319358,"Total","75-79","65+"
"1447","80",2014,293318,"Total","80-84","65+"
"1448","81",2014,276571,"Total","80-84","65+"
"1449","82",2014,266116,"Total","80-84","65+"
"1450","83",2014,249473,"Total","80-84","65+"
"1451","84",2014,228883,"Total","80-84","65+"
"1452","85",2014,202900,"Total","85-89","65+"
"1453","86",2014,179149,"Total","85-89","65+"
"1454","87",2014,160080,"Total","85-89","65+"
"1455","88",2014,141345,"Total","85-89","65+"
"1456","89",2014,121637,"Total","85-89","65+"
"1457",NA,2014,470405,"Total",NA,NA
"1458","0",2015,662977,"Total","0-4","0-14"
"1459","1",2015,670993,"Total","0-4","0-14"
"1460","2",2015,688932,"Total","0-4","0-14"
"1461","3",2015,712587,"Total","0-4","0-14"
"1462","4",2015,699191,"Total","0-4","0-14"
"1463","5",2015,687611,"Total","5-9","0-14"
"1464","6",2015,677724,"Total","5-9","0-14"
"1465","7",2015,683397,"Total","5-9","0-14"
"1466","8",2015,661182,"Total","5-9","0-14"
"1467","9",2015,647549,"Total","5-9","0-14"
"1468","10",2015,620073,"Total","10-14","0-14"
"1469","11",2015,609790,"Total","10-14","0-14"
"1470","12",2015,592130,"Total","10-14","0-14"
"1471","13",2015,581609,"Total","10-14","0-14"
"1472","14",2015,596693,"Total","10-14","0-14"
"1473","15",2015,612676,"Total","15-19","15-64"
"1474","16",2015,631635,"Total","15-19","15-64"
"1475","17",2015,641107,"Total","15-19","15-64"
"1476","18",2015,661031,"Total","15-19","15-64"
"1477","19",2015,666840,"Total","15-19","15-64"
"1478","20",2015,673761,"Total","20-24","15-64"
"1479","21",2015,701685,"Total","20-24","15-64"
"1480","22",2015,712095,"Total","20-24","15-64"
"1481","23",2015,740862,"Total","20-24","15-64"
"1482","24",2015,763854,"Total","20-24","15-64"
"1483","25",2015,754595,"Total","25-29","15-64"
"1484","26",2015,749216,"Total","25-29","15-64"
"1485","27",2015,759356,"Total","25-29","15-64"
"1486","28",2015,742544,"Total","25-29","15-64"
"1487","29",2015,752257,"Total","25-29","15-64"
"1488","30",2015,754383,"Total","30-34","15-64"
"1489","31",2015,737768,"Total","30-34","15-64"
"1490","32",2015,744176,"Total","30-34","15-64"
"1491","33",2015,742944,"Total","30-34","15-64"
"1492","34",2015,748757,"Total","30-34","15-64"
"1493","35",2015,749992,"Total","35-39","15-64"
"1494","36",2015,719287,"Total","35-39","15-64"
"1495","37",2015,670798,"Total","35-39","15-64"
"1496","38",2015,660061,"Total","35-39","15-64"
"1497","39",2015,670780,"Total","35-39","15-64"
"1498","40",2015,683903,"Total","40-44","15-64"
"1499","41",2015,694559,"Total","40-44","15-64"
"1500","42",2015,724677,"Total","40-44","15-64"
"1501","43",2015,754561,"Total","40-44","15-64"
"1502","44",2015,778754,"Total","40-44","15-64"
"1503","45",2015,759786,"Total","45-49","15-64"
"1504","46",2015,777437,"Total","45-49","15-64"
"1505","47",2015,776611,"Total","45-49","15-64"
"1506","48",2015,787611,"Total","45-49","15-64"
"1507","49",2015,787915,"Total","45-49","15-64"
"1508","50",2015,791066,"Total","50-54","15-64"
"1509","51",2015,783305,"Total","50-54","15-64"
"1510","52",2015,765857,"Total","50-54","15-64"
"1511","53",2015,748704,"Total","50-54","15-64"
"1512","54",2015,722068,"Total","50-54","15-64"
"1513","55",2015,692374,"Total","55-59","15-64"
"1514","56",2015,676158,"Total","55-59","15-64"
"1515","57",2015,661089,"Total","55-59","15-64"
"1516","58",2015,635797,"Total","55-59","15-64"
"1517","59",2015,612904,"Total","55-59","15-64"
"1518","60",2015,590280,"Total","60-64","15-64"
"1519","61",2015,591581,"Total","60-64","15-64"
"1520","62",2015,583991,"Total","60-64","15-64"
"1521","63",2015,567596,"Total","60-64","15-64"
"1522","64",2015,571273,"Total","60-64","15-64"
"1523","65",2015,582595,"Total","65-69","65+"
"1524","66",2015,596441,"Total","65-69","65+"
"1525","67",2015,629564,"Total","65-69","65+"
"1526","68",2015,682834,"Total","65-69","65+"
"1527","69",2015,525701,"Total","65-69","65+"
"1528","70",2015,508499,"Total","70-74","65+"
"1529","71",2015,504922,"Total","70-74","65+"
"1530","72",2015,467555,"Total","70-74","65+"
"1531","73",2015,415572,"Total","70-74","65+"
"1532","74",2015,372072,"Total","70-74","65+"
"1533","75",2015,385501,"Total","75-79","65+"
"1534","76",2015,380304,"Total","75-79","65+"
"1535","77",2015,367100,"Total","75-79","65+"
"1536","78",2015,345778,"Total","75-79","65+"
"1537","79",2015,325545,"Total","75-79","65+"
"1538","80",2015,305377,"Total","80-84","65+"
"1539","81",2015,278932,"Total","80-84","65+"
"1540","82",2015,261228,"Total","80-84","65+"
"1541","83",2015,249194,"Total","80-84","65+"
"1542","84",2015,231569,"Total","80-84","65+"
"1543","85",2015,210446,"Total","85-89","65+"
"1544","86",2015,184425,"Total","85-89","65+"
"1545","87",2015,160779,"Total","85-89","65+"
"1546","88",2015,141595,"Total","85-89","65+"
"1547","89",2015,123076,"Total","85-89","65+"
"1548",NA,2015,474968,"Total",NA,NA
"1549","0",2015,4621,"Non-UK born","0-4","0-14"
"1550","0",2015,586907,"UK born","0-4","0-14"
"1551","0",2015,476,NA,"0-4","0-14"
"1552","1",2015,12053,"Non-UK born","0-4","0-14"
"1553","1",2015,668415,"UK born","0-4","0-14"
"1554","2",2015,31812,"Non-UK born","0-4","0-14"
"1555","2",2015,663818,"UK born","0-4","0-14"
"1556","3",2015,26660,"Non-UK born","0-4","0-14"
"1557","3",2015,733114,"UK born","0-4","0-14"
"1558","4",2015,28473,"Non-UK born","0-4","0-14"
"1559","4",2015,675610,"UK born","0-4","0-14"
"1560","5",2015,46371,"Non-UK born","5-9","0-14"
"1561","5",2015,668786,"UK born","5-9","0-14"
"1562","5",2015,569,NA,"5-9","0-14"
"1563","6",2015,36533,"Non-UK born","5-9","0-14"
"1564","6",2015,645036,"UK born","5-9","0-14"
"1565","7",2015,48155,"Non-UK born","5-9","0-14"
"1566","7",2015,629708,"UK born","5-9","0-14"
"1567","8",2015,51176,"Non-UK born","5-9","0-14"
"1568","8",2015,608402,"UK born","5-9","0-14"
"1569","8",2015,569,NA,"5-9","0-14"
"1570","9",2015,45470,"Non-UK born","5-9","0-14"
"1571","9",2015,567028,"UK born","5-9","0-14"
"1572","10",2015,52060,"Non-UK born","10-14","0-14"
"1573","10",2015,560331,"UK born","10-14","0-14"
"1574","11",2015,48818,"Non-UK born","10-14","0-14"
"1575","11",2015,555451,"UK born","10-14","0-14"
"1576","12",2015,60951,"Non-UK born","10-14","0-14"
"1577","12",2015,535664,"UK born","10-14","0-14"
"1578","12",2015,524,NA,"10-14","0-14"
"1579","13",2015,60680,"Non-UK born","10-14","0-14"
"1580","13",2015,528460,"UK born","10-14","0-14"
"1581","13",2015,524,NA,"10-14","0-14"
"1582","14",2015,62636,"Non-UK born","10-14","0-14"
"1583","14",2015,518582,"UK born","10-14","0-14"
"1584","15",2015,59321,"Non-UK born","15-19","15-64"
"1585","15",2015,534659,"UK born","15-19","15-64"
"1586","16",2015,55645,"Non-UK born","15-19","15-64"
"1587","16",2015,564930,"UK born","15-19","15-64"
"1588","17",2015,79819,"Non-UK born","15-19","15-64"
"1589","17",2015,540931,"UK born","15-19","15-64"
"1590","18",2015,73176,"Non-UK born","15-19","15-64"
"1591","18",2015,578141,"UK born","15-19","15-64"
"1592","19",2015,65162,"Non-UK born","15-19","15-64"
"1593","19",2015,582964,"UK born","15-19","15-64"
"1594","19",2015,859,NA,"15-19","15-64"
"1595","20",2015,93575,"Non-UK born","20-24","15-64"
"1596","20",2015,568495,"UK born","20-24","15-64"
"1597","20",2015,783,NA,"20-24","15-64"
"1598","21",2015,100314,"Non-UK born","20-24","15-64"
"1599","21",2015,588255,"UK born","20-24","15-64"
"1600","21",2015,1019,NA,"20-24","15-64"
"1601","22",2015,96126,"Non-UK born","20-24","15-64"
"1602","22",2015,609942,"UK born","20-24","15-64"
"1603","23",2015,95558,"Non-UK born","20-24","15-64"
"1604","23",2015,630222,"UK born","20-24","15-64"
"1605","24",2015,111335,"Non-UK born","20-24","15-64"
"1606","24",2015,639461,"UK born","20-24","15-64"
"1607","24",2015,1185,NA,"20-24","15-64"
"1608","25",2015,137058,"Non-UK born","25-29","15-64"
"1609","25",2015,570930,"UK born","25-29","15-64"
"1610","26",2015,166426,"Non-UK born","25-29","15-64"
"1611","26",2015,566493,"UK born","25-29","15-64"
"1612","26",2015,960,NA,"25-29","15-64"
"1613","27",2015,161668,"Non-UK born","25-29","15-64"
"1614","27",2015,560423,"UK born","25-29","15-64"
"1615","28",2015,179431,"Non-UK born","25-29","15-64"
"1616","28",2015,576855,"UK born","25-29","15-64"
"1617","28",2015,530,NA,"25-29","15-64"
"1618","29",2015,198488,"Non-UK born","25-29","15-64"
"1619","29",2015,592411,"UK born","25-29","15-64"
"1620","29",2015,1075,NA,"25-29","15-64"
"1621","30",2015,193099,"Non-UK born","30-34","15-64"
"1622","30",2015,496855,"UK born","30-34","15-64"
"1623","30",2015,872,NA,"30-34","15-64"
"1624","31",2015,178153,"Non-UK born","30-34","15-64"
"1625","31",2015,482156,"UK born","30-34","15-64"
"1626","32",2015,250540,"Non-UK born","30-34","15-64"
"1627","32",2015,510718,"UK born","30-34","15-64"
"1628","32",2015,679,NA,"30-34","15-64"
"1629","33",2015,244970,"Non-UK born","30-34","15-64"
"1630","33",2015,536294,"UK born","30-34","15-64"
"1631","34",2015,247286,"Non-UK born","30-34","15-64"
"1632","34",2015,555696,"UK born","30-34","15-64"
"1633","35",2015,205148,"Non-UK born","35-39","15-64"
"1634","35",2015,523858,"UK born","35-39","15-64"
"1635","35",2015,566,NA,"35-39","15-64"
"1636","36",2015,195865,"Non-UK born","35-39","15-64"
"1637","36",2015,515975,"UK born","35-39","15-64"
"1638","37",2015,210186,"Non-UK born","35-39","15-64"
"1639","37",2015,496040,"UK born","35-39","15-64"
"1640","38",2015,210306,"Non-UK born","35-39","15-64"
"1641","38",2015,459081,"UK born","35-39","15-64"
"1642","39",2015,174683,"Non-UK born","35-39","15-64"
"1643","39",2015,450511,"UK born","35-39","15-64"
"1644","40",2015,170171,"Non-UK born","40-44","15-64"
"1645","40",2015,509141,"UK born","40-44","15-64"
"1646","40",2015,582,NA,"40-44","15-64"
"1647","41",2015,185193,"Non-UK born","40-44","15-64"
"1648","41",2015,542073,"UK born","40-44","15-64"
"1649","42",2015,168851,"Non-UK born","40-44","15-64"
"1650","42",2015,528964,"UK born","40-44","15-64"
"1651","42",2015,666,NA,"40-44","15-64"
"1652","43",2015,132571,"Non-UK born","40-44","15-64"
"1653","43",2015,579696,"UK born","40-44","15-64"
"1654","43",2015,640,NA,"40-44","15-64"
"1655","44",2015,149481,"Non-UK born","40-44","15-64"
"1656","44",2015,652820,"UK born","40-44","15-64"
"1657","45",2015,158609,"Non-UK born","45-49","15-64"
"1658","45",2015,637132,"UK born","45-49","15-64"
"1659","45",2015,1292,NA,"45-49","15-64"
"1660","46",2015,136764,"Non-UK born","45-49","15-64"
"1661","46",2015,629247,"UK born","45-49","15-64"
"1662","47",2015,114091,"Non-UK born","45-49","15-64"
"1663","47",2015,631495,"UK born","45-49","15-64"
"1664","48",2015,121964,"Non-UK born","45-49","15-64"
"1665","48",2015,660583,"UK born","45-49","15-64"
"1666","48",2015,892,NA,"45-49","15-64"
"1667","49",2015,110275,"Non-UK born","45-49","15-64"
"1668","49",2015,666669,"UK born","45-49","15-64"
"1669","50",2015,123537,"Non-UK born","50-54","15-64"
"1670","50",2015,662321,"UK born","50-54","15-64"
"1671","51",2015,115826,"Non-UK born","50-54","15-64"
"1672","51",2015,663971,"UK born","50-54","15-64"
"1673","51",2015,784,NA,"50-54","15-64"
"1674","52",2015,99594,"Non-UK born","50-54","15-64"
"1675","52",2015,636610,"UK born","50-54","15-64"
"1676","53",2015,103550,"Non-UK born","50-54","15-64"
"1677","53",2015,655248,"UK born","50-54","15-64"
"1678","54",2015,89304,"Non-UK born","50-54","15-64"
"1679","54",2015,630764,"UK born","50-54","15-64"
"1680","55",2015,93646,"Non-UK born","55-59","15-64"
"1681","55",2015,571293,"UK born","55-59","15-64"
"1682","56",2015,93884,"Non-UK born","55-59","15-64"
"1683","56",2015,542959,"UK born","55-59","15-64"
"1684","56",2015,1392,NA,"55-59","15-64"
"1685","57",2015,88012,"Non-UK born","55-59","15-64"
"1686","57",2015,573511,"UK born","55-59","15-64"
"1687","58",2015,78468,"Non-UK born","55-59","15-64"
"1688","58",2015,579308,"UK born","55-59","15-64"
"1689","58",2015,872,NA,"55-59","15-64"
"1690","59",2015,88119,"Non-UK born","55-59","15-64"
"1691","59",2015,539798,"UK born","55-59","15-64"
"1692","59",2015,721,NA,"55-59","15-64"
"1693","60",2015,74390,"Non-UK born","60-64","15-64"
"1694","60",2015,510694,"UK born","60-64","15-64"
"1695","60",2015,588,NA,"60-64","15-64"
"1696","61",2015,70028,"Non-UK born","60-64","15-64"
"1697","61",2015,477355,"UK born","60-64","15-64"
"1698","61",2015,752,NA,"60-64","15-64"
"1699","62",2015,64945,"Non-UK born","60-64","15-64"
"1700","62",2015,527867,"UK born","60-64","15-64"
"1701","63",2015,64531,"Non-UK born","60-64","15-64"
"1702","63",2015,508304,"UK born","60-64","15-64"
"1703","64",2015,64914,"Non-UK born","60-64","15-64"
"1704","64",2015,524897,"UK born","60-64","15-64"
"1705","65",2015,64502,"Non-UK born","65-69","65+"
"1706","65",2015,547162,"UK born","65-69","65+"
"1707","66",2015,52518,"Non-UK born","65-69","65+"
"1708","66",2015,529345,"UK born","65-69","65+"
"1709","67",2015,54826,"Non-UK born","65-69","65+"
"1710","67",2015,591208,"UK born","65-69","65+"
"1711","67",2015,485,NA,"65-69","65+"
"1712","68",2015,45538,"Non-UK born","65-69","65+"
"1713","68",2015,585347,"UK born","65-69","65+"
"1714","69",2015,56236,"Non-UK born","65-69","65+"
"1715","69",2015,466226,"UK born","65-69","65+"
"1716","70",2015,52615,"Non-UK born","70-74","65+"
"1717","70",2015,470310,"UK born","70-74","65+"
"1718","71",2015,48849,"Non-UK born","70-74","65+"
"1719","71",2015,451737,"UK born","70-74","65+"
"1720","72",2015,50196,"Non-UK born","70-74","65+"
"1721","72",2015,424465,"UK born","70-74","65+"
"1722","73",2015,32621,"Non-UK born","70-74","65+"
"1723","73",2015,336763,"UK born","70-74","65+"
"1724","74",2015,35704,"Non-UK born","70-74","65+"
"1725","74",2015,335420,"UK born","70-74","65+"
"1726","75",2015,25833,"Non-UK born","75-79","65+"
"1727","75",2015,363742,"UK born","75-79","65+"
"1728","76",2015,29699,"Non-UK born","75-79","65+"
"1729","76",2015,307056,"UK born","75-79","65+"
"1730","77",2015,29915,"Non-UK born","75-79","65+"
"1731","77",2015,329655,"UK born","75-79","65+"
"1732","78",2015,21268,"Non-UK born","75-79","65+"
"1733","78",2015,310546,"UK born","75-79","65+"
"1734","79",2015,30504,"Non-UK born","75-79","65+"
"1735","79",2015,316677,"UK born","75-79","65+"
"1736","80",2015,39251,"Non-UK born","80-84","65+"
"1737","80",2015,325267,"UK born","80-84","65+"
"1738","81",2015,17505,"Non-UK born","80-84","65+"
"1739","81",2015,224043,"UK born","80-84","65+"
"1740","82",2015,13135,"Non-UK born","80-84","65+"
"1741","82",2015,204975,"UK born","80-84","65+"
"1742","83",2015,30169,"Non-UK born","80-84","65+"
"1743","83",2015,178355,"UK born","80-84","65+"
"1744","84",2015,5214,"Non-UK born","80-84","65+"
"1745","84",2015,219991,"UK born","80-84","65+"
"1746","85",2015,18141,"Non-UK born","85-89","65+"
"1747","85",2015,181007,"UK born","85-89","65+"
"1748","86",2015,17135,"Non-UK born","85-89","65+"
"1749","86",2015,166967,"UK born","85-89","65+"
"1750","87",2015,6943,"Non-UK born","85-89","65+"
"1751","87",2015,139085,"UK born","85-89","65+"
"1752","88",2015,6466,"Non-UK born","85-89","65+"
"1753","88",2015,117172,"UK born","85-89","65+"
"1754","89",2015,7571,"Non-UK born","85-89","65+"
"1755","89",2015,102618,"UK born","85-89","65+"
"1756","90+",2015,29195,"Non-UK born","90+","65+"
"1757","90+",2015,307069,"UK born","90+","65+"
"1758","0",2016,6999,"Non-UK born","0-4","0-14"
"1759","0",2016,598129,"UK born","0-4","0-14"
"1760","1",2016,8761,"Non-UK born","0-4","0-14"
"1761","1",2016,642828,"UK born","0-4","0-14"
"1762","1",2016,568,NA,"0-4","0-14"
"1763","2",2016,21139,"Non-UK born","0-4","0-14"
"1764","2",2016,656409,"UK born","0-4","0-14"
"1765","3",2016,25055,"Non-UK born","0-4","0-14"
"1766","3",2016,715969,"UK born","0-4","0-14"
"1767","4",2016,35505,"Non-UK born","0-4","0-14"
"1768","4",2016,715746,"UK born","0-4","0-14"
"1769","5",2016,36775,"Non-UK born","5-9","0-14"
"1770","5",2016,655620,"UK born","5-9","0-14"
"1771","5",2016,1173,NA,"5-9","0-14"
"1772","6",2016,51025,"Non-UK born","5-9","0-14"
"1773","6",2016,638885,"UK born","5-9","0-14"
"1774","7",2016,51565,"Non-UK born","5-9","0-14"
"1775","7",2016,648370,"UK born","5-9","0-14"
"1776","7",2016,484,NA,"5-9","0-14"
"1777","8",2016,51185,"Non-UK born","5-9","0-14"
"1778","8",2016,612793,"UK born","5-9","0-14"
"1779","9",2016,55547,"Non-UK born","5-9","0-14"
"1780","9",2016,616246,"UK born","5-9","0-14"
"1781","10",2016,51996,"Non-UK born","10-14","0-14"
"1782","10",2016,569746,"UK born","10-14","0-14"
"1783","10",2016,636,NA,"10-14","0-14"
"1784","11",2016,48529,"Non-UK born","10-14","0-14"
"1785","11",2016,569201,"UK born","10-14","0-14"
"1786","12",2016,61277,"Non-UK born","10-14","0-14"
"1787","12",2016,582114,"UK born","10-14","0-14"
"1788","12",2016,727,NA,"10-14","0-14"
"1789","13",2016,57440,"Non-UK born","10-14","0-14"
"1790","13",2016,521480,"UK born","10-14","0-14"
"1791","14",2016,60722,"Non-UK born","10-14","0-14"
"1792","14",2016,531604,"UK born","10-14","0-14"
"1793","15",2016,58827,"Non-UK born","15-19","15-64"
"1794","15",2016,518877,"UK born","15-19","15-64"
"1795","15",2016,610,NA,"15-19","15-64"
"1796","16",2016,70641,"Non-UK born","15-19","15-64"
"1797","16",2016,532836,"UK born","15-19","15-64"
"1798","16",2016,701,NA,"15-19","15-64"
"1799","17",2016,65350,"Non-UK born","15-19","15-64"
"1800","17",2016,550664,"UK born","15-19","15-64"
"1801","17",2016,546,NA,"15-19","15-64"
"1802","18",2016,74688,"Non-UK born","15-19","15-64"
"1803","18",2016,571623,"UK born","15-19","15-64"
"1804","18",2016,615,NA,"15-19","15-64"
"1805","19",2016,74564,"Non-UK born","15-19","15-64"
"1806","19",2016,576815,"UK born","15-19","15-64"
"1807","19",2016,1748,NA,"15-19","15-64"
"1808","20",2016,82829,"Non-UK born","20-24","15-64"
"1809","20",2016,578897,"UK born","20-24","15-64"
"1810","20",2016,2510,NA,"20-24","15-64"
"1811","21",2016,89744,"Non-UK born","20-24","15-64"
"1812","21",2016,591254,"UK born","20-24","15-64"
"1813","22",2016,108016,"Non-UK born","20-24","15-64"
"1814","22",2016,588273,"UK born","20-24","15-64"
"1815","22",2016,1050,NA,"20-24","15-64"
"1816","23",2016,119413,"Non-UK born","20-24","15-64"
"1817","23",2016,597831,"UK born","20-24","15-64"
"1818","23",2016,746,NA,"20-24","15-64"
"1819","24",2016,131337,"Non-UK born","20-24","15-64"
"1820","24",2016,611869,"UK born","20-24","15-64"
"1821","24",2016,2399,NA,"20-24","15-64"
"1822","25",2016,131593,"Non-UK born","25-29","15-64"
"1823","25",2016,541375,"UK born","25-29","15-64"
"1824","25",2016,2495,NA,"25-29","15-64"
"1825","26",2016,153700,"Non-UK born","25-29","15-64"
"1826","26",2016,569360,"UK born","25-29","15-64"
"1827","26",2016,2405,NA,"25-29","15-64"
"1828","27",2016,169227,"Non-UK born","25-29","15-64"
"1829","27",2016,542200,"UK born","25-29","15-64"
"1830","28",2016,231143,"Non-UK born","25-29","15-64"
"1831","28",2016,601697,"UK born","25-29","15-64"
"1832","29",2016,235542,"Non-UK born","25-29","15-64"
"1833","29",2016,582777,"UK born","25-29","15-64"
"1834","29",2016,926,NA,"25-29","15-64"
"1835","30",2016,204704,"Non-UK born","30-34","15-64"
"1836","30",2016,548070,"UK born","30-34","15-64"
"1837","31",2016,192476,"Non-UK born","30-34","15-64"
"1838","31",2016,525091,"UK born","30-34","15-64"
"1839","32",2016,218966,"Non-UK born","30-34","15-64"
"1840","32",2016,485355,"UK born","30-34","15-64"
"1841","33",2016,240505,"Non-UK born","30-34","15-64"
"1842","33",2016,525701,"UK born","30-34","15-64"
"1843","33",2016,697,NA,"30-34","15-64"
"1844","34",2016,239695,"Non-UK born","30-34","15-64"
"1845","34",2016,537287,"UK born","30-34","15-64"
"1846","35",2016,200464,"Non-UK born","35-39","15-64"
"1847","35",2016,510469,"UK born","35-39","15-64"
"1848","35",2016,915,NA,"35-39","15-64"
"1849","36",2016,230541,"Non-UK born","35-39","15-64"
"1850","36",2016,530582,"UK born","35-39","15-64"
"1851","36",2016,842,NA,"35-39","15-64"
"1852","37",2016,210229,"Non-UK born","35-39","15-64"
"1853","37",2016,481001,"UK born","35-39","15-64"
"1854","38",2016,173265,"Non-UK born","35-39","15-64"
"1855","38",2016,489027,"UK born","35-39","15-64"
"1856","38",2016,576,NA,"35-39","15-64"
"1857","39",2016,201725,"Non-UK born","35-39","15-64"
"1858","39",2016,496223,"UK born","35-39","15-64"
"1859","39",2016,918,NA,"35-39","15-64"
"1860","40",2016,202328,"Non-UK born","40-44","15-64"
"1861","40",2016,472666,"UK born","40-44","15-64"
"1862","41",2016,176894,"Non-UK born","40-44","15-64"
"1863","41",2016,508131,"UK born","40-44","15-64"
"1864","42",2016,178438,"Non-UK born","40-44","15-64"
"1865","42",2016,530553,"UK born","40-44","15-64"
"1866","43",2016,144767,"Non-UK born","40-44","15-64"
"1867","43",2016,585288,"UK born","40-44","15-64"
"1868","43",2016,735,NA,"40-44","15-64"
"1869","44",2016,143688,"Non-UK born","40-44","15-64"
"1870","44",2016,578272,"UK born","40-44","15-64"
"1871","44",2016,545,NA,"40-44","15-64"
"1872","45",2016,160908,"Non-UK born","45-49","15-64"
"1873","45",2016,642152,"UK born","45-49","15-64"
"1874","46",2016,146166,"Non-UK born","45-49","15-64"
"1875","46",2016,600705,"UK born","45-49","15-64"
"1876","47",2016,147302,"Non-UK born","45-49","15-64"
"1877","47",2016,625161,"UK born","45-49","15-64"
"1878","48",2016,121848,"Non-UK born","45-49","15-64"
"1879","48",2016,649107,"UK born","45-49","15-64"
"1880","49",2016,117170,"Non-UK born","45-49","15-64"
"1881","49",2016,650435,"UK born","45-49","15-64"
"1882","50",2016,121335,"Non-UK born","50-54","15-64"
"1883","50",2016,650419,"UK born","50-54","15-64"
"1884","50",2016,634,NA,"50-54","15-64"
"1885","51",2016,100357,"Non-UK born","50-54","15-64"
"1886","51",2016,687599,"UK born","50-54","15-64"
"1887","52",2016,103024,"Non-UK born","50-54","15-64"
"1888","52",2016,681576,"UK born","50-54","15-64"
"1889","52",2016,940,NA,"50-54","15-64"
"1890","53",2016,101015,"Non-UK born","50-54","15-64"
"1891","53",2016,661967,"UK born","50-54","15-64"
"1892","54",2016,79944,"Non-UK born","50-54","15-64"
"1893","54",2016,657104,"UK born","50-54","15-64"
"1894","55",2016,95980,"Non-UK born","55-59","15-64"
"1895","55",2016,591926,"UK born","55-59","15-64"
"1896","56",2016,103114,"Non-UK born","55-59","15-64"
"1897","56",2016,580722,"UK born","55-59","15-64"
"1898","56",2016,630,NA,"55-59","15-64"
"1899","57",2016,91957,"Non-UK born","55-59","15-64"
"1900","57",2016,583662,"UK born","55-59","15-64"
"1901","58",2016,97358,"Non-UK born","55-59","15-64"
"1902","58",2016,583653,"UK born","55-59","15-64"
"1903","59",2016,84834,"Non-UK born","55-59","15-64"
"1904","59",2016,536118,"UK born","55-59","15-64"
"1905","60",2016,82316,"Non-UK born","60-64","15-64"
"1906","60",2016,508210,"UK born","60-64","15-64"
"1907","60",2016,450,NA,"60-64","15-64"
"1908","61",2016,72275,"Non-UK born","60-64","15-64"
"1909","61",2016,503493,"UK born","60-64","15-64"
"1910","62",2016,66838,"Non-UK born","60-64","15-64"
"1911","62",2016,510803,"UK born","60-64","15-64"
"1912","62",2016,640,NA,"60-64","15-64"
"1913","63",2016,66074,"Non-UK born","60-64","15-64"
"1914","63",2016,517880,"UK born","60-64","15-64"
"1915","63",2016,534,NA,"60-64","15-64"
"1916","64",2016,70452,"Non-UK born","60-64","15-64"
"1917","64",2016,512428,"UK born","60-64","15-64"
"1918","65",2016,57741,"Non-UK born","65-69","65+"
"1919","65",2016,493479,"UK born","65-69","65+"
"1920","66",2016,62568,"Non-UK born","65-69","65+"
"1921","66",2016,510430,"UK born","65-69","65+"
"1922","67",2016,55784,"Non-UK born","65-69","65+"
"1923","67",2016,527465,"UK born","65-69","65+"
"1924","68",2016,47614,"Non-UK born","65-69","65+"
"1925","68",2016,609788,"UK born","65-69","65+"
"1926","69",2016,53318,"Non-UK born","65-69","65+"
"1927","69",2016,592071,"UK born","65-69","65+"
"1928","70",2016,54584,"Non-UK born","70-74","65+"
"1929","70",2016,479758,"UK born","70-74","65+"
"1930","71",2016,38101,"Non-UK born","70-74","65+"
"1931","71",2016,504158,"UK born","70-74","65+"
"1932","72",2016,39292,"Non-UK born","70-74","65+"
"1933","72",2016,437394,"UK born","70-74","65+"
"1934","73",2016,43665,"Non-UK born","70-74","65+"
"1935","73",2016,402675,"UK born","70-74","65+"
"1936","74",2016,24172,"Non-UK born","70-74","65+"
"1937","74",2016,323815,"UK born","70-74","65+"
"1938","75",2016,63694,"Non-UK born","75-79","65+"
"1939","75",2016,342439,"UK born","75-79","65+"
"1940","76",2016,27588,"Non-UK born","75-79","65+"
"1941","76",2016,297171,"UK born","75-79","65+"
"1942","77",2016,15234,"Non-UK born","75-79","65+"
"1943","77",2016,357436,"UK born","75-79","65+"
"1944","78",2016,58407,"Non-UK born","75-79","65+"
"1945","78",2016,270902,"UK born","75-79","65+"
"1946","79",2016,30632,"Non-UK born","75-79","65+"
"1947","79",2016,295424,"UK born","75-79","65+"
"1948","80",2016,18133,"Non-UK born","80-84","65+"
"1949","80",2016,288291,"UK born","80-84","65+"
"1950","81",2016,10674,"Non-UK born","80-84","65+"
"1951","81",2016,318248,"UK born","80-84","65+"
"1952","82",2016,13887,"Non-UK born","80-84","65+"
"1953","82",2016,209987,"UK born","80-84","65+"
"1954","83",2016,39258,"Non-UK born","80-84","65+"
"1955","83",2016,251866,"UK born","80-84","65+"
"1956","84",2016,18664,"Non-UK born","80-84","65+"
"1957","84",2016,169356,"UK born","80-84","65+"
"1958","85",2016,25815,"Non-UK born","85-89","65+"
"1959","85",2016,189430,"UK born","85-89","65+"
"1960","86",2016,15425,"Non-UK born","85-89","65+"
"1961","86",2016,163846,"UK born","85-89","65+"
"1962","87",2016,2239,"Non-UK born","85-89","65+"
"1963","87",2016,167687,"UK born","85-89","65+"
"1964","88",2016,9518,"Non-UK born","85-89","65+"
"1965","88",2016,89735,"UK born","85-89","65+"
"1966","89",2016,8410,"Non-UK born","85-89","65+"
"1967","89",2016,94999,"UK born","85-89","65+"
"1968","90+",2016,31849,"Non-UK born","90+","65+"
"1969","90+",2016,265421,"UK born","90+","65+"
